技A,技B
正拳,裏拳
正拳,鬼走り
正拳,アームハンマー
正拳,キッチンシンク
正拳,三龍旋
正拳,切り返し
正拳,十字切り
正拳,払い抜け
正拳,かすみ二段
正拳,なで斬り
正拳,龍尾返し
正拳,逆風の太刀
正拳,トマホーク
正拳,夜叉横断
正拳,ヨーヨー
正拳,回し打ち
正拳,ハートビート
正拳,海老殺し
正拳,骨砕き
正拳,どら鳴らし
正拳,痛打
正拳,チャージ
正拳,高波返し
正拳,サイドワインダー
正拳,瞬速の矢
正拳,ニードルショット
裏拳,正拳
裏拳,裏拳
裏拳,胴抜き
裏拳,ボコボコ
裏拳,爆砕鉄拳
裏拳,ハートブレイク
裏拳,キックラッシュ
裏拳,コークスクリュー
裏拳,蹴上がり
裏拳,三角蹴り
裏拳,あびせ倒し
裏拳,キッチンシンク
裏拳,滝登り
裏拳,カムイ
裏拳,切り返し
裏拳,十字切り
裏拳,払い抜け
裏拳,かすみ二段
裏拳,なで斬り
裏拳,クロスブレイク
裏拳,みじん斬り
裏拳,龍尾返し
裏拳,かぶと割り
裏拳,逆風の太刀
裏拳,トマホーク
裏拳,ハイパーハンマー
裏拳,一人時間差
裏拳,アクセルターン
裏拳,スカイドライヴ
裏拳,大強撃
裏拳,ヨーヨー
裏拳,高速ナブラ
裏拳,回し打ち
裏拳,ハートビート
裏拳,海老殺し
裏拳,骨砕き
裏拳,どら鳴らし
裏拳,痛打
裏拳,二段突き
裏拳,チャージ
裏拳,高波返し
裏拳,脳削り
裏拳,エイミング
裏拳,スカッシュ
裏拳,極楽連衝
裏拳,狙い撃ち
裏拳,イド・ブレイク
裏拳,サイドワインダー
裏拳,影矢
裏拳,針千本
裏拳,連射
裏拳,ニードルショット
裏拳,ウッドストック
裏拳,ウォーターハンマー
裏拳,焼殺
裏拳,召雷
裏拳,天雷
裏拳,樹
裏拳,石
裏拳,炎
裏拳,音
裏拳,音波剣
裏拳,音波弾
胴抜き,裏拳
胴抜き,鬼走り
胴抜き,アームハンマー
胴抜き,キッチンシンク
胴抜き,三龍旋
胴抜き,断滅
胴抜き,切り返し
胴抜き,十字切り
胴抜き,払い抜け
胴抜き,スマッシュ
胴抜き,かすみ二段
胴抜き,ファイナルレター
胴抜き,デッドエンド
胴抜き,なで斬り
胴抜き,龍尾返し
胴抜き,逆風の太刀
胴抜き,ブルクラッシュ
胴抜き,ベアクラッシュ
胴抜き,マルチウェイ
胴抜き,トマホーク
胴抜き,夜叉横断
胴抜き,ヨーヨー
胴抜き,スカイランデヴー
胴抜き,マキ割りトルネード
胴抜き,回し打ち
胴抜き,ハートビート
胴抜き,海老殺し
胴抜き,骨砕き
胴抜き,どら鳴らし
胴抜き,痛打
胴抜き,かめごうら割り
胴抜き,からすとうさぎ
胴抜き,チャージ
胴抜き,高波返し
胴抜き,活殺獣閃衝
胴抜き,無双三段
胴抜き,イド・ブレイク
胴抜き,サイドワインダー
胴抜き,瞬速の矢
胴抜き,水晶のピラミッド
胴抜き,ニードルショット
熊掌打,裏拳
熊掌打,胴抜き
熊掌打,鬼走り
熊掌打,爆砕鉄拳
熊掌打,ハートブレイク
熊掌打,アームハンマー
熊掌打,コークスクリュー
熊掌打,あびせ倒し
熊掌打,キッチンシンク
熊掌打,滝登り
熊掌打,三龍旋
熊掌打,カムイ
熊掌打,断滅
熊掌打,切り返し
熊掌打,十字切り
熊掌打,払い抜け
熊掌打,スマッシュ
熊掌打,かすみ二段
熊掌打,ファイナルレター
熊掌打,デッドエンド
熊掌打,なで斬り
熊掌打,クロスブレイク
熊掌打,みじん斬り
熊掌打,龍尾返し
熊掌打,逆風の太刀
熊掌打,ブルクラッシュ
熊掌打,ベアクラッシュ
熊掌打,マルチウェイ
熊掌打,トマホーク
熊掌打,ハイパーハンマー
熊掌打,アクセルターン
熊掌打,夜叉横断
熊掌打,大強撃
熊掌打,ヨーヨー
熊掌打,スカイランデヴー
熊掌打,マキ割りトルネード
熊掌打,回し打ち
熊掌打,ハートビート
熊掌打,海老殺し
熊掌打,骨砕き
熊掌打,どら鳴らし
熊掌打,痛打
熊掌打,かめごうら割り
熊掌打,からすとうさぎ
熊掌打,二段突き
熊掌打,チャージ
熊掌打,高波返し
熊掌打,脳削り
熊掌打,エイミング
熊掌打,スカッシュ
熊掌打,活殺獣閃衝
熊掌打,無双三段
熊掌打,狙い撃ち
熊掌打,イド・ブレイク
熊掌打,サイドワインダー
熊掌打,影矢
熊掌打,針千本
熊掌打,瞬速の矢
熊掌打,水晶のピラミッド
熊掌打,ニードルショット
熊掌打,ウッドストック
熊掌打,ウォーターハンマー
熊掌打,焼殺
熊掌打,召雷
熊掌打,天雷
熊掌打,樹
熊掌打,石
熊掌打,炎
熊掌打,音
熊掌打,音波剣
熊掌打,音波弾
ボコボコ,正拳
ボコボコ,裏拳
ボコボコ,胴抜き
ボコボコ,熊掌打
ボコボコ,ボコボコ
ボコボコ,爆砕鉄拳
ボコボコ,ハートブレイク
ボコボコ,キックラッシュ
ボコボコ,コークスクリュー
ボコボコ,蹴上がり
ボコボコ,三角蹴り
ボコボコ,あびせ倒し
ボコボコ,キッチンシンク
ボコボコ,滝登り
ボコボコ,カムイ
ボコボコ,断滅
ボコボコ,切り返し
ボコボコ,十字切り
ボコボコ,追突剣
ボコボコ,払い抜け
ボコボコ,スマッシュ
ボコボコ,かすみ二段
ボコボコ,ファイナルレター
ボコボコ,デッドエンド
ボコボコ,なで斬り
ボコボコ,クロスブレイク
ボコボコ,みじん斬り
ボコボコ,龍尾返し
ボコボコ,かぶと割り
ボコボコ,天地二段
ボコボコ,逆風の太刀
ボコボコ,ブルクラッシュ
ボコボコ,ベアクラッシュ
ボコボコ,マルチウェイ
ボコボコ,トマホーク
ボコボコ,かかと切り
ボコボコ,ハイパーハンマー
ボコボコ,大木断
ボコボコ,一人時間差
ボコボコ,スカルクラッシュ
ボコボコ,アクセルターン
ボコボコ,夜叉横断
ボコボコ,スカイドライヴ
ボコボコ,大強撃
ボコボコ,ヨーヨー
ボコボコ,高速ナブラ
ボコボコ,スカイランデヴー
ボコボコ,マキ割りトルネード
ボコボコ,ハートビート
ボコボコ,海老殺し
ボコボコ,骨砕き
ボコボコ,脳天直撃
ボコボコ,どら鳴らし
ボコボコ,痛打
ボコボコ,削岩撃
ボコボコ,かめごうら割り
ボコボコ,からすとうさぎ
ボコボコ,払い突き
ボコボコ,二段突き
ボコボコ,草伏せ
ボコボコ,くし刺し
ボコボコ,脳削り
ボコボコ,エイミング
ボコボコ,スカッシュ
ボコボコ,光の腕
ボコボコ,極楽連衝
ボコボコ,活殺獣閃衝
ボコボコ,蓮華衝
ボコボコ,無双三段
ボコボコ,狙い撃ち
ボコボコ,イド・ブレイク
ボコボコ,サイドワインダー
ボコボコ,影矢
ボコボコ,針千本
ボコボコ,連射
ボコボコ,瞬速の矢
ボコボコ,水晶のピラミッド
ボコボコ,ニードルショット
ボコボコ,ウッドストック
ボコボコ,ウォーターハンマー
ボコボコ,フレイムナーガ
ボコボコ,焼殺
ボコボコ,召雷
ボコボコ,天雷
ボコボコ,樹
ボコボコ,石
ボコボコ,炎
ボコボコ,音
ボコボコ,樹打
ボコボコ,音波剣
ボコボコ,音波弾
ボコボコ,プレス
鬼走り,正拳
鬼走り,裏拳
鬼走り,胴抜き
鬼走り,熊掌打
鬼走り,ボコボコ
鬼走り,爆砕鉄拳
鬼走り,ハートブレイク
鬼走り,キックラッシュ
鬼走り,コークスクリュー
鬼走り,蹴上がり
鬼走り,三角蹴り
鬼走り,あびせ倒し
鬼走り,キッチンシンク
鬼走り,滝登り
鬼走り,カムイ
鬼走り,切り返し
鬼走り,十字切り
鬼走り,追突剣
鬼走り,払い抜け
鬼走り,かすみ二段
鬼走り,なで斬り
鬼走り,クロスブレイク
鬼走り,みじん斬り
鬼走り,龍尾返し
鬼走り,かぶと割り
鬼走り,天地二段
鬼走り,逆風の太刀
鬼走り,トマホーク
鬼走り,かかと切り
鬼走り,ハイパーハンマー
鬼走り,大木断
鬼走り,一人時間差
鬼走り,スカルクラッシュ
鬼走り,アクセルターン
鬼走り,夜叉横断
鬼走り,スカイドライヴ
鬼走り,大強撃
鬼走り,ヨーヨー
鬼走り,高速ナブラ
鬼走り,ハートビート
鬼走り,海老殺し
鬼走り,骨砕き
鬼走り,脳天直撃
鬼走り,どら鳴らし
鬼走り,痛打
鬼走り,削岩撃
鬼走り,払い突き
鬼走り,二段突き
鬼走り,草伏せ
鬼走り,くし刺し
鬼走り,脳削り
鬼走り,エイミング
鬼走り,スカッシュ
鬼走り,光の腕
鬼走り,極楽連衝
鬼走り,蓮華衝
鬼走り,狙い撃ち
鬼走り,イド・ブレイク
鬼走り,サイドワインダー
鬼走り,影矢
鬼走り,針千本
鬼走り,連射
鬼走り,瞬速の矢
鬼走り,ニードルショット
鬼走り,ウッドストック
鬼走り,ウォーターハンマー
鬼走り,フレイムナーガ
鬼走り,焼殺
鬼走り,召雷
鬼走り,天雷
鬼走り,樹
鬼走り,石
鬼走り,炎
鬼走り,音
鬼走り,樹打
鬼走り,音波剣
鬼走り,音波弾
鬼走り,プレス
爆砕鉄拳,裏拳
爆砕鉄拳,鬼走り
爆砕鉄拳,アームハンマー
爆砕鉄拳,キッチンシンク
爆砕鉄拳,三龍旋
爆砕鉄拳,切り返し
爆砕鉄拳,十字切り
爆砕鉄拳,払い抜け
爆砕鉄拳,かすみ二段
爆砕鉄拳,なで斬り
爆砕鉄拳,龍尾返し
爆砕鉄拳,逆風の太刀
爆砕鉄拳,トマホーク
爆砕鉄拳,夜叉横断
爆砕鉄拳,ヨーヨー
爆砕鉄拳,回し打ち
爆砕鉄拳,ハートビート
爆砕鉄拳,海老殺し
爆砕鉄拳,骨砕き
爆砕鉄拳,どら鳴らし
爆砕鉄拳,痛打
爆砕鉄拳,チャージ
爆砕鉄拳,高波返し
爆砕鉄拳,サイドワインダー
爆砕鉄拳,瞬速の矢
爆砕鉄拳,ニードルショット
ハートブレイク,正拳
ハートブレイク,裏拳
ハートブレイク,胴抜き
ハートブレイク,熊掌打
ハートブレイク,ボコボコ
ハートブレイク,キックラッシュ
ハートブレイク,コークスクリュー
ハートブレイク,蹴上がり
ハートブレイク,三角蹴り
ハートブレイク,キッチンシンク
ハートブレイク,切り返し
ハートブレイク,十字切り
ハートブレイク,追突剣
ハートブレイク,払い抜け
ハートブレイク,かすみ二段
ハートブレイク,なで斬り
ハートブレイク,クロスブレイク
ハートブレイク,みじん斬り
ハートブレイク,龍尾返し
ハートブレイク,かぶと割り
ハートブレイク,天地二段
ハートブレイク,逆風の太刀
ハートブレイク,トマホーク
ハートブレイク,かかと切り
ハートブレイク,ハイパーハンマー
ハートブレイク,大木断
ハートブレイク,一人時間差
ハートブレイク,スカルクラッシュ
ハートブレイク,アクセルターン
ハートブレイク,夜叉横断
ハートブレイク,スカイドライヴ
ハートブレイク,大強撃
ハートブレイク,高速ナブラ
ハートブレイク,回し打ち
ハートブレイク,ハートビート
ハートブレイク,海老殺し
ハートブレイク,骨砕き
ハートブレイク,脳天直撃
ハートブレイク,どら鳴らし
ハートブレイク,痛打
ハートブレイク,削岩撃
ハートブレイク,払い突き
ハートブレイク,二段突き
ハートブレイク,草伏せ
ハートブレイク,チャージ
ハートブレイク,くし刺し
ハートブレイク,高波返し
ハートブレイク,エイミング
ハートブレイク,スカッシュ
ハートブレイク,光の腕
ハートブレイク,極楽連衝
ハートブレイク,蓮華衝
ハートブレイク,狙い撃ち
ハートブレイク,針千本
ハートブレイク,連射
ハートブレイク,瞬速の矢
ハートブレイク,ニードルショット
ハートブレイク,ウッドストック
ハートブレイク,フレイムナーガ
ハートブレイク,召雷
ハートブレイク,樹
ハートブレイク,樹打
ハートブレイク,プレス
アームハンマー,正拳
アームハンマー,裏拳
アームハンマー,胴抜き
アームハンマー,ボコボコ
アームハンマー,キックラッシュ
アームハンマー,コークスクリュー
アームハンマー,蹴上がり
アームハンマー,三角蹴り
アームハンマー,キッチンシンク
アームハンマー,切り返し
アームハンマー,十字切り
アームハンマー,払い抜け
アームハンマー,かすみ二段
アームハンマー,なで斬り
アームハンマー,クロスブレイク
アームハンマー,みじん斬り
アームハンマー,龍尾返し
アームハンマー,かぶと割り
アームハンマー,逆風の太刀
アームハンマー,トマホーク
アームハンマー,ハイパーハンマー
アームハンマー,一人時間差
アームハンマー,スカイドライヴ
アームハンマー,大強撃
アームハンマー,高速ナブラ
アームハンマー,回し打ち
アームハンマー,ハートビート
アームハンマー,海老殺し
アームハンマー,骨砕き
アームハンマー,どら鳴らし
アームハンマー,痛打
アームハンマー,二段突き
アームハンマー,チャージ
アームハンマー,高波返し
アームハンマー,エイミング
アームハンマー,スカッシュ
アームハンマー,極楽連衝
アームハンマー,狙い撃ち
アームハンマー,針千本
アームハンマー,連射
アームハンマー,ニードルショット
アームハンマー,召雷
キックラッシュ,裏拳
キックラッシュ,キッチンシンク
キックラッシュ,かすみ二段
キックラッシュ,なで斬り
キックラッシュ,トマホーク
キックラッシュ,ハートビート
キックラッシュ,骨砕き
キックラッシュ,痛打
コークスクリュー,正拳
コークスクリュー,裏拳
コークスクリュー,胴抜き
コークスクリュー,熊掌打
コークスクリュー,ボコボコ
コークスクリュー,鬼走り
コークスクリュー,アームハンマー
コークスクリュー,キックラッシュ
コークスクリュー,蹴上がり
コークスクリュー,三角蹴り
コークスクリュー,キッチンシンク
コークスクリュー,三龍旋
コークスクリュー,切り返し
コークスクリュー,十字切り
コークスクリュー,追突剣
コークスクリュー,払い抜け
コークスクリュー,かすみ二段
コークスクリュー,なで斬り
コークスクリュー,みじん斬り
コークスクリュー,龍尾返し
コークスクリュー,かぶと割り
コークスクリュー,天地二段
コークスクリュー,逆風の太刀
コークスクリュー,トマホーク
コークスクリュー,かかと切り
コークスクリュー,ハイパーハンマー
コークスクリュー,大木断
コークスクリュー,一人時間差
コークスクリュー,スカルクラッシュ
コークスクリュー,アクセルターン
コークスクリュー,夜叉横断
コークスクリュー,スカイドライヴ
コークスクリュー,大強撃
コークスクリュー,ヨーヨー
コークスクリュー,高速ナブラ
コークスクリュー,回し打ち
コークスクリュー,ハートビート
コークスクリュー,海老殺し
コークスクリュー,骨砕き
コークスクリュー,脳天直撃
コークスクリュー,どら鳴らし
コークスクリュー,痛打
コークスクリュー,削岩撃
コークスクリュー,払い突き
コークスクリュー,二段突き
コークスクリュー,草伏せ
コークスクリュー,チャージ
コークスクリュー,くし刺し
コークスクリュー,高波返し
コークスクリュー,エイミング
コークスクリュー,スカッシュ
コークスクリュー,光の腕
コークスクリュー,極楽連衝
コークスクリュー,蓮華衝
コークスクリュー,サイドワインダー
コークスクリュー,連射
コークスクリュー,瞬速の矢
コークスクリュー,ニードルショット
コークスクリュー,ウッドストック
コークスクリュー,フレイムナーガ
コークスクリュー,樹
コークスクリュー,樹打
コークスクリュー,プレス
蹴上がり,裏拳
蹴上がり,鬼走り
蹴上がり,アームハンマー
蹴上がり,キッチンシンク
蹴上がり,三龍旋
蹴上がり,切り返し
蹴上がり,十字切り
蹴上がり,払い抜け
蹴上がり,かすみ二段
蹴上がり,なで斬り
蹴上がり,龍尾返し
蹴上がり,逆風の太刀
蹴上がり,トマホーク
蹴上がり,夜叉横断
蹴上がり,ヨーヨー
蹴上がり,回し打ち
蹴上がり,ハートビート
蹴上がり,海老殺し
蹴上がり,骨砕き
蹴上がり,どら鳴らし
蹴上がり,痛打
蹴上がり,チャージ
蹴上がり,高波返し
蹴上がり,サイドワインダー
蹴上がり,瞬速の矢
蹴上がり,ニードルショット
三角蹴り,裏拳
三角蹴り,鬼走り
三角蹴り,アームハンマー
三角蹴り,キッチンシンク
三角蹴り,三龍旋
三角蹴り,切り返し
三角蹴り,十字切り
三角蹴り,払い抜け
三角蹴り,かすみ二段
三角蹴り,なで斬り
三角蹴り,龍尾返し
三角蹴り,逆風の太刀
三角蹴り,無拍子
三角蹴り,トマホーク
三角蹴り,夜叉横断
三角蹴り,ヨーヨー
三角蹴り,回し打ち
三角蹴り,ハートビート
三角蹴り,海老殺し
三角蹴り,骨砕き
三角蹴り,どら鳴らし
三角蹴り,痛打
三角蹴り,チャージ
三角蹴り,高波返し
三角蹴り,サイドワインダー
三角蹴り,瞬速の矢
三角蹴り,ニードルショット
あびせ倒し,正拳
あびせ倒し,裏拳
あびせ倒し,胴抜き
あびせ倒し,ボコボコ
あびせ倒し,鬼走り
あびせ倒し,アームハンマー
あびせ倒し,キックラッシュ
あびせ倒し,コークスクリュー
あびせ倒し,蹴上がり
あびせ倒し,三角蹴り
あびせ倒し,キッチンシンク
あびせ倒し,三龍旋
あびせ倒し,切り返し
あびせ倒し,十字切り
あびせ倒し,払い抜け
あびせ倒し,かすみ二段
あびせ倒し,なで斬り
あびせ倒し,クロスブレイク
あびせ倒し,みじん斬り
あびせ倒し,龍尾返し
あびせ倒し,かぶと割り
あびせ倒し,逆風の太刀
あびせ倒し,トマホーク
あびせ倒し,ハイパーハンマー
あびせ倒し,一人時間差
あびせ倒し,アクセルターン
あびせ倒し,夜叉横断
あびせ倒し,スカイドライヴ
あびせ倒し,大強撃
あびせ倒し,ヨーヨー
あびせ倒し,高速ナブラ
あびせ倒し,回し打ち
あびせ倒し,ハートビート
あびせ倒し,海老殺し
あびせ倒し,骨砕き
あびせ倒し,どら鳴らし
あびせ倒し,痛打
あびせ倒し,二段突き
あびせ倒し,チャージ
あびせ倒し,高波返し
あびせ倒し,エイミング
あびせ倒し,スカッシュ
あびせ倒し,極楽連衝
あびせ倒し,狙い撃ち
あびせ倒し,サイドワインダー
あびせ倒し,針千本
あびせ倒し,連射
あびせ倒し,瞬速の矢
あびせ倒し,ニードルショット
あびせ倒し,召雷
キッチンシンク,正拳
キッチンシンク,裏拳
キッチンシンク,胴抜き
キッチンシンク,熊掌打
キッチンシンク,ボコボコ
キッチンシンク,キックラッシュ
キッチンシンク,コークスクリュー
キッチンシンク,蹴上がり
キッチンシンク,三角蹴り
キッチンシンク,キッチンシンク
キッチンシンク,断滅
キッチンシンク,切り返し
キッチンシンク,十字切り
キッチンシンク,追突剣
キッチンシンク,払い抜け
キッチンシンク,スマッシュ
キッチンシンク,かすみ二段
キッチンシンク,ファイナルレター
キッチンシンク,デッドエンド
キッチンシンク,なで斬り
キッチンシンク,クロスブレイク
キッチンシンク,みじん斬り
キッチンシンク,龍尾返し
キッチンシンク,かぶと割り
キッチンシンク,天地二段
キッチンシンク,逆風の太刀
キッチンシンク,ブルクラッシュ
キッチンシンク,ベアクラッシュ
キッチンシンク,マルチウェイ
キッチンシンク,トマホーク
キッチンシンク,かかと切り
キッチンシンク,ハイパーハンマー
キッチンシンク,大木断
キッチンシンク,一人時間差
キッチンシンク,スカルクラッシュ
キッチンシンク,アクセルターン
キッチンシンク,夜叉横断
キッチンシンク,スカイドライヴ
キッチンシンク,大強撃
キッチンシンク,高速ナブラ
キッチンシンク,スカイランデヴー
キッチンシンク,マキ割りトルネード
キッチンシンク,回し打ち
キッチンシンク,ハートビート
キッチンシンク,海老殺し
キッチンシンク,骨砕き
キッチンシンク,脳天直撃
キッチンシンク,どら鳴らし
キッチンシンク,痛打
キッチンシンク,削岩撃
キッチンシンク,かめごうら割り
キッチンシンク,からすとうさぎ
キッチンシンク,払い突き
キッチンシンク,二段突き
キッチンシンク,草伏せ
キッチンシンク,チャージ
キッチンシンク,くし刺し
キッチンシンク,高波返し
キッチンシンク,エイミング
キッチンシンク,スカッシュ
キッチンシンク,光の腕
キッチンシンク,極楽連衝
キッチンシンク,活殺獣閃衝
キッチンシンク,蓮華衝
キッチンシンク,無双三段
キッチンシンク,狙い撃ち
キッチンシンク,針千本
キッチンシンク,連射
キッチンシンク,瞬速の矢
キッチンシンク,水晶のピラミッド
キッチンシンク,ニードルショット
キッチンシンク,ウッドストック
キッチンシンク,フレイムナーガ
キッチンシンク,召雷
キッチンシンク,樹
キッチンシンク,樹打
キッチンシンク,プレス
ローリングサンダー,正拳
ローリングサンダー,裏拳
ローリングサンダー,胴抜き
ローリングサンダー,熊掌打
ローリングサンダー,ボコボコ
ローリングサンダー,キックラッシュ
ローリングサンダー,コークスクリュー
ローリングサンダー,蹴上がり
ローリングサンダー,三角蹴り
ローリングサンダー,キッチンシンク
ローリングサンダー,切り返し
ローリングサンダー,十字切り
ローリングサンダー,追突剣
ローリングサンダー,払い抜け
ローリングサンダー,かすみ二段
ローリングサンダー,なで斬り
ローリングサンダー,クロスブレイク
ローリングサンダー,みじん斬り
ローリングサンダー,龍尾返し
ローリングサンダー,かぶと割り
ローリングサンダー,天地二段
ローリングサンダー,逆風の太刀
ローリングサンダー,トマホーク
ローリングサンダー,かかと切り
ローリングサンダー,ハイパーハンマー
ローリングサンダー,大木断
ローリングサンダー,一人時間差
ローリングサンダー,スカルクラッシュ
ローリングサンダー,アクセルターン
ローリングサンダー,夜叉横断
ローリングサンダー,スカイドライヴ
ローリングサンダー,大強撃
ローリングサンダー,高速ナブラ
ローリングサンダー,回し打ち
ローリングサンダー,ハートビート
ローリングサンダー,海老殺し
ローリングサンダー,骨砕き
ローリングサンダー,脳天直撃
ローリングサンダー,どら鳴らし
ローリングサンダー,痛打
ローリングサンダー,削岩撃
ローリングサンダー,払い突き
ローリングサンダー,二段突き
ローリングサンダー,草伏せ
ローリングサンダー,チャージ
ローリングサンダー,くし刺し
ローリングサンダー,高波返し
ローリングサンダー,エイミング
ローリングサンダー,スカッシュ
ローリングサンダー,光の腕
ローリングサンダー,極楽連衝
ローリングサンダー,蓮華衝
ローリングサンダー,狙い撃ち
ローリングサンダー,針千本
ローリングサンダー,連射
ローリングサンダー,瞬速の矢
ローリングサンダー,ニードルショット
ローリングサンダー,ウッドストック
ローリングサンダー,フレイムナーガ
ローリングサンダー,召雷
ローリングサンダー,樹
ローリングサンダー,樹打
ローリングサンダー,プレス
呼び戻し,正拳
呼び戻し,裏拳
呼び戻し,胴抜き
呼び戻し,ボコボコ
呼び戻し,鬼走り
呼び戻し,アームハンマー
呼び戻し,キックラッシュ
呼び戻し,コークスクリュー
呼び戻し,蹴上がり
呼び戻し,三角蹴り
呼び戻し,キッチンシンク
呼び戻し,三龍旋
呼び戻し,切り返し
呼び戻し,十字切り
呼び戻し,払い抜け
呼び戻し,かすみ二段
呼び戻し,なで斬り
呼び戻し,クロスブレイク
呼び戻し,みじん斬り
呼び戻し,龍尾返し
呼び戻し,かぶと割り
呼び戻し,逆風の太刀
呼び戻し,トマホーク
呼び戻し,ハイパーハンマー
呼び戻し,一人時間差
呼び戻し,夜叉横断
呼び戻し,スカイドライヴ
呼び戻し,大強撃
呼び戻し,ヨーヨー
呼び戻し,高速ナブラ
呼び戻し,回し打ち
呼び戻し,ハートビート
呼び戻し,海老殺し
呼び戻し,骨砕き
呼び戻し,どら鳴らし
呼び戻し,痛打
呼び戻し,二段突き
呼び戻し,チャージ
呼び戻し,高波返し
呼び戻し,エイミング
呼び戻し,スカッシュ
呼び戻し,極楽連衝
呼び戻し,狙い撃ち
呼び戻し,サイドワインダー
呼び戻し,針千本
呼び戻し,連射
呼び戻し,瞬速の矢
呼び戻し,ニードルショット
呼び戻し,召雷
滝登り,正拳
滝登り,裏拳
滝登り,胴抜き
滝登り,ボコボコ
滝登り,キックラッシュ
滝登り,コークスクリュー
滝登り,蹴上がり
滝登り,三角蹴り
滝登り,キッチンシンク
滝登り,切り返し
滝登り,十字切り
滝登り,払い抜け
滝登り,かすみ二段
滝登り,なで斬り
滝登り,クロスブレイク
滝登り,みじん斬り
滝登り,龍尾返し
滝登り,かぶと割り
滝登り,逆風の太刀
滝登り,トマホーク
滝登り,ハイパーハンマー
滝登り,一人時間差
滝登り,スカイドライヴ
滝登り,大強撃
滝登り,高速ナブラ
滝登り,回し打ち
滝登り,ハートビート
滝登り,海老殺し
滝登り,骨砕き
滝登り,どら鳴らし
滝登り,痛打
滝登り,二段突き
滝登り,チャージ
滝登り,高波返し
滝登り,エイミング
滝登り,スカッシュ
滝登り,極楽連衝
滝登り,狙い撃ち
滝登り,針千本
滝登り,連射
滝登り,ニードルショット
滝登り,召雷
三龍旋,裏拳
三龍旋,キッチンシンク
三龍旋,かすみ二段
三龍旋,なで斬り
三龍旋,トマホーク
三龍旋,ハートビート
三龍旋,骨砕き
三龍旋,痛打
カムイ,裏拳
カムイ,キッチンシンク
カムイ,かすみ二段
カムイ,なで斬り
カムイ,トマホーク
カムイ,ハートビート
カムイ,骨砕き
カムイ,痛打
断滅,正拳
断滅,裏拳
断滅,胴抜き
断滅,熊掌打
断滅,ボコボコ
断滅,キックラッシュ
断滅,蹴上がり
断滅,三角蹴り
断滅,キッチンシンク
断滅,追突剣
断滅,払い抜け
断滅,かすみ二段
断滅,なで斬り
断滅,みじん斬り
断滅,かぶと割り
断滅,天地二段
断滅,トマホーク
断滅,かかと切り
断滅,ハイパーハンマー
断滅,大木断
断滅,一人時間差
断滅,スカルクラッシュ
断滅,アクセルターン
断滅,夜叉横断
断滅,スカイドライヴ
断滅,大強撃
断滅,高速ナブラ
断滅,ハートビート
断滅,骨砕き
断滅,脳天直撃
断滅,どら鳴らし
断滅,痛打
断滅,削岩撃
断滅,払い突き
断滅,二段突き
断滅,草伏せ
断滅,くし刺し
断滅,エイミング
断滅,スカッシュ
断滅,光の腕
断滅,極楽連衝
断滅,蓮華衝
断滅,連射
断滅,瞬速の矢
断滅,ウッドストック
断滅,フレイムナーガ
断滅,樹
断滅,樹打
断滅,プレス
切り返し,正拳
切り返し,裏拳
切り返し,胴抜き
切り返し,熊掌打
切り返し,ボコボコ
切り返し,キックラッシュ
切り返し,蹴上がり
切り返し,三角蹴り
切り返し,キッチンシンク
切り返し,追突剣
切り返し,払い抜け
切り返し,かすみ二段
切り返し,なで斬り
切り返し,みじん斬り
切り返し,かぶと割り
切り返し,天地二段
切り返し,トマホーク
切り返し,かかと切り
切り返し,ハイパーハンマー
切り返し,大木断
切り返し,一人時間差
切り返し,スカルクラッシュ
切り返し,アクセルターン
切り返し,夜叉横断
切り返し,スカイドライヴ
切り返し,大強撃
切り返し,高速ナブラ
切り返し,ハートビート
切り返し,骨砕き
切り返し,脳天直撃
切り返し,痛打
切り返し,削岩撃
切り返し,払い突き
切り返し,二段突き
切り返し,草伏せ
切り返し,くし刺し
切り返し,エイミング
切り返し,スカッシュ
切り返し,光の腕
切り返し,極楽連衝
切り返し,蓮華衝
切り返し,連射
切り返し,瞬速の矢
切り返し,ウッドストック
切り返し,フレイムナーガ
切り返し,樹打
切り返し,プレス
十字切り,正拳
十字切り,裏拳
十字切り,胴抜き
十字切り,熊掌打
十字切り,ボコボコ
十字切り,キックラッシュ
十字切り,蹴上がり
十字切り,三角蹴り
十字切り,キッチンシンク
十字切り,断滅
十字切り,追突剣
十字切り,払い抜け
十字切り,スマッシュ
十字切り,かすみ二段
十字切り,ファイナルレター
十字切り,デッドエンド
十字切り,なで斬り
十字切り,みじん斬り
十字切り,かぶと割り
十字切り,天地二段
十字切り,ブルクラッシュ
十字切り,ベアクラッシュ
十字切り,マルチウェイ
十字切り,トマホーク
十字切り,かかと切り
十字切り,ハイパーハンマー
十字切り,大木断
十字切り,一人時間差
十字切り,スカルクラッシュ
十字切り,アクセルターン
十字切り,夜叉横断
十字切り,スカイドライヴ
十字切り,大強撃
十字切り,高速ナブラ
十字切り,スカイランデヴー
十字切り,マキ割りトルネード
十字切り,ハートビート
十字切り,骨砕き
十字切り,脳天直撃
十字切り,痛打
十字切り,削岩撃
十字切り,かめごうら割り
十字切り,からすとうさぎ
十字切り,払い突き
十字切り,二段突き
十字切り,草伏せ
十字切り,くし刺し
十字切り,エイミング
十字切り,スカッシュ
十字切り,光の腕
十字切り,極楽連衝
十字切り,活殺獣閃衝
十字切り,蓮華衝
十字切り,無双三段
十字切り,イド・ブレイク
十字切り,連射
十字切り,瞬速の矢
十字切り,水晶のピラミッド
十字切り,ウッドストック
十字切り,フレイムナーガ
十字切り,樹打
十字切り,プレス
追突剣,正拳
追突剣,裏拳
追突剣,胴抜き
追突剣,ボコボコ
追突剣,鬼走り
追突剣,爆砕鉄拳
追突剣,ハートブレイク
追突剣,アームハンマー
追突剣,キックラッシュ
追突剣,コークスクリュー
追突剣,蹴上がり
追突剣,三角蹴り
追突剣,キッチンシンク
追突剣,滝登り
追突剣,三龍旋
追突剣,カムイ
追突剣,切り返し
追突剣,十字切り
追突剣,払い抜け
追突剣,かすみ二段
追突剣,なで斬り
追突剣,クロスブレイク
追突剣,みじん斬り
追突剣,龍尾返し
追突剣,かぶと割り
追突剣,逆風の太刀
追突剣,トマホーク
追突剣,ハイパーハンマー
追突剣,一人時間差
追突剣,アクセルターン
追突剣,夜叉横断
追突剣,スカイドライヴ
追突剣,大強撃
追突剣,ヨーヨー
追突剣,高速ナブラ
追突剣,回し打ち
追突剣,ハートビート
追突剣,海老殺し
追突剣,骨砕き
追突剣,どら鳴らし
追突剣,痛打
追突剣,二段突き
追突剣,チャージ
追突剣,高波返し
追突剣,脳削り
追突剣,エイミング
追突剣,スカッシュ
追突剣,極楽連衝
追突剣,狙い撃ち
追突剣,イド・ブレイク
追突剣,サイドワインダー
追突剣,影矢
追突剣,針千本
追突剣,連射
追突剣,瞬速の矢
追突剣,ニードルショット
追突剣,ウッドストック
追突剣,ウォーターハンマー
追突剣,焼殺
追突剣,召雷
追突剣,天雷
追突剣,樹
追突剣,石
追突剣,炎
追突剣,音
追突剣,音波剣
追突剣,音波弾
払い抜け,裏拳
払い抜け,胴抜き
払い抜け,爆砕鉄拳
払い抜け,ハートブレイク
払い抜け,コークスクリュー
払い抜け,三角蹴り
払い抜け,あびせ倒し
払い抜け,キッチンシンク
払い抜け,滝登り
払い抜け,カムイ
払い抜け,切り返し
払い抜け,十字切り
払い抜け,かすみ二段
払い抜け,なで斬り
払い抜け,クロスブレイク
払い抜け,みじん斬り
払い抜け,龍尾返し
払い抜け,逆風の太刀
払い抜け,トマホーク
払い抜け,ハイパーハンマー
払い抜け,アクセルターン
払い抜け,大強撃
払い抜け,ヨーヨー
払い抜け,ハートビート
払い抜け,海老殺し
払い抜け,骨砕き
払い抜け,どら鳴らし
払い抜け,痛打
払い抜け,二段突き
払い抜け,脳削り
払い抜け,エイミング
払い抜け,スカッシュ
払い抜け,狙い撃ち
払い抜け,イド・ブレイク
払い抜け,サイドワインダー
払い抜け,影矢
払い抜け,針千本
払い抜け,ニードルショット
払い抜け,ウッドストック
払い抜け,ウォーターハンマー
払い抜け,焼殺
払い抜け,召雷
払い抜け,天雷
払い抜け,樹
払い抜け,石
払い抜け,炎
払い抜け,音
払い抜け,音波剣
払い抜け,音波弾
スマッシュ,正拳
スマッシュ,裏拳
スマッシュ,胴抜き
スマッシュ,熊掌打
スマッシュ,ボコボコ
スマッシュ,キックラッシュ
スマッシュ,コークスクリュー
スマッシュ,蹴上がり
スマッシュ,三角蹴り
スマッシュ,キッチンシンク
スマッシュ,切り返し
スマッシュ,十字切り
スマッシュ,追突剣
スマッシュ,払い抜け
スマッシュ,かすみ二段
スマッシュ,なで斬り
スマッシュ,クロスブレイク
スマッシュ,みじん斬り
スマッシュ,龍尾返し
スマッシュ,かぶと割り
スマッシュ,天地二段
スマッシュ,逆風の太刀
スマッシュ,トマホーク
スマッシュ,かかと切り
スマッシュ,ハイパーハンマー
スマッシュ,大木断
スマッシュ,一人時間差
スマッシュ,スカルクラッシュ
スマッシュ,アクセルターン
スマッシュ,夜叉横断
スマッシュ,スカイドライヴ
スマッシュ,大強撃
スマッシュ,高速ナブラ
スマッシュ,回し打ち
スマッシュ,ハートビート
スマッシュ,海老殺し
スマッシュ,骨砕き
スマッシュ,脳天直撃
スマッシュ,どら鳴らし
スマッシュ,痛打
スマッシュ,削岩撃
スマッシュ,払い突き
スマッシュ,二段突き
スマッシュ,草伏せ
スマッシュ,チャージ
スマッシュ,くし刺し
スマッシュ,高波返し
スマッシュ,エイミング
スマッシュ,スカッシュ
スマッシュ,光の腕
スマッシュ,極楽連衝
スマッシュ,蓮華衝
スマッシュ,狙い撃ち
スマッシュ,針千本
スマッシュ,連射
スマッシュ,瞬速の矢
スマッシュ,ニードルショット
スマッシュ,ウッドストック
スマッシュ,フレイムナーガ
スマッシュ,召雷
スマッシュ,樹
スマッシュ,樹打
スマッシュ,プレス
かすみ二段,正拳
かすみ二段,裏拳
かすみ二段,胴抜き
かすみ二段,熊掌打
かすみ二段,ボコボコ
かすみ二段,キックラッシュ
かすみ二段,蹴上がり
かすみ二段,三角蹴り
かすみ二段,キッチンシンク
かすみ二段,追突剣
かすみ二段,払い抜け
かすみ二段,かすみ二段
かすみ二段,なで斬り
かすみ二段,みじん斬り
かすみ二段,かぶと割り
かすみ二段,天地二段
かすみ二段,トマホーク
かすみ二段,かかと切り
かすみ二段,ハイパーハンマー
かすみ二段,大木断
かすみ二段,一人時間差
かすみ二段,スカルクラッシュ
かすみ二段,アクセルターン
かすみ二段,夜叉横断
かすみ二段,スカイドライヴ
かすみ二段,大強撃
かすみ二段,高速ナブラ
かすみ二段,ハートビート
かすみ二段,骨砕き
かすみ二段,脳天直撃
かすみ二段,痛打
かすみ二段,削岩撃
かすみ二段,払い突き
かすみ二段,二段突き
かすみ二段,草伏せ
かすみ二段,くし刺し
かすみ二段,エイミング
かすみ二段,スカッシュ
かすみ二段,光の腕
かすみ二段,極楽連衝
かすみ二段,蓮華衝
かすみ二段,連射
かすみ二段,瞬速の矢
かすみ二段,ウッドストック
かすみ二段,フレイムナーガ
かすみ二段,樹打
かすみ二段,プレス
ファイナルレター,正拳
ファイナルレター,裏拳
ファイナルレター,胴抜き
ファイナルレター,熊掌打
ファイナルレター,ボコボコ
ファイナルレター,キックラッシュ
ファイナルレター,コークスクリュー
ファイナルレター,蹴上がり
ファイナルレター,三角蹴り
ファイナルレター,キッチンシンク
ファイナルレター,切り返し
ファイナルレター,十字切り
ファイナルレター,追突剣
ファイナルレター,払い抜け
ファイナルレター,かすみ二段
ファイナルレター,なで斬り
ファイナルレター,クロスブレイク
ファイナルレター,みじん斬り
ファイナルレター,龍尾返し
ファイナルレター,かぶと割り
ファイナルレター,天地二段
ファイナルレター,逆風の太刀
ファイナルレター,トマホーク
ファイナルレター,かかと切り
ファイナルレター,ハイパーハンマー
ファイナルレター,大木断
ファイナルレター,一人時間差
ファイナルレター,スカルクラッシュ
ファイナルレター,アクセルターン
ファイナルレター,夜叉横断
ファイナルレター,スカイドライヴ
ファイナルレター,大強撃
ファイナルレター,高速ナブラ
ファイナルレター,回し打ち
ファイナルレター,ハートビート
ファイナルレター,海老殺し
ファイナルレター,骨砕き
ファイナルレター,脳天直撃
ファイナルレター,どら鳴らし
ファイナルレター,痛打
ファイナルレター,削岩撃
ファイナルレター,払い突き
ファイナルレター,二段突き
ファイナルレター,草伏せ
ファイナルレター,チャージ
ファイナルレター,くし刺し
ファイナルレター,高波返し
ファイナルレター,エイミング
ファイナルレター,スカッシュ
ファイナルレター,光の腕
ファイナルレター,極楽連衝
ファイナルレター,蓮華衝
ファイナルレター,狙い撃ち
ファイナルレター,針千本
ファイナルレター,連射
ファイナルレター,瞬速の矢
ファイナルレター,ニードルショット
ファイナルレター,ウッドストック
ファイナルレター,フレイムナーガ
ファイナルレター,召雷
ファイナルレター,樹
ファイナルレター,樹打
ファイナルレター,プレス
なで斬り,正拳
なで斬り,裏拳
なで斬り,胴抜き
なで斬り,熊掌打
なで斬り,ボコボコ
なで斬り,爆砕鉄拳
なで斬り,ハートブレイク
なで斬り,キックラッシュ
なで斬り,コークスクリュー
なで斬り,蹴上がり
なで斬り,三角蹴り
なで斬り,あびせ倒し
なで斬り,キッチンシンク
なで斬り,滝登り
なで斬り,カムイ
なで斬り,切り返し
なで斬り,十字切り
なで斬り,追突剣
なで斬り,払い抜け
なで斬り,かすみ二段
なで斬り,なで斬り
なで斬り,クロスブレイク
なで斬り,みじん斬り
なで斬り,龍尾返し
なで斬り,かぶと割り
なで斬り,天地二段
なで斬り,逆風の太刀
なで斬り,トマホーク
なで斬り,かかと切り
なで斬り,ハイパーハンマー
なで斬り,大木断
なで斬り,一人時間差
なで斬り,スカルクラッシュ
なで斬り,アクセルターン
なで斬り,夜叉横断
なで斬り,スカイドライヴ
なで斬り,大強撃
なで斬り,ヨーヨー
なで斬り,高速ナブラ
なで斬り,ハートビート
なで斬り,海老殺し
なで斬り,骨砕き
なで斬り,脳天直撃
なで斬り,どら鳴らし
なで斬り,痛打
なで斬り,削岩撃
なで斬り,払い突き
なで斬り,二段突き
なで斬り,草伏せ
なで斬り,くし刺し
なで斬り,脳削り
なで斬り,エイミング
なで斬り,スカッシュ
なで斬り,光の腕
なで斬り,極楽連衝
なで斬り,蓮華衝
なで斬り,狙い撃ち
なで斬り,イド・ブレイク
なで斬り,サイドワインダー
なで斬り,影矢
なで斬り,針千本
なで斬り,連射
なで斬り,瞬速の矢
なで斬り,ニードルショット
なで斬り,ウッドストック
なで斬り,ウォーターハンマー
なで斬り,フレイムナーガ
なで斬り,焼殺
なで斬り,召雷
なで斬り,天雷
なで斬り,樹
なで斬り,石
なで斬り,炎
なで斬り,音
なで斬り,樹打
なで斬り,音波剣
なで斬り,音波弾
なで斬り,プレス
クロスブレイク,正拳
クロスブレイク,裏拳
クロスブレイク,胴抜き
クロスブレイク,熊掌打
クロスブレイク,ボコボコ
クロスブレイク,鬼走り
クロスブレイク,アームハンマー
クロスブレイク,キックラッシュ
クロスブレイク,蹴上がり
クロスブレイク,三角蹴り
クロスブレイク,キッチンシンク
クロスブレイク,三龍旋
クロスブレイク,切り返し
クロスブレイク,十字切り
クロスブレイク,追突剣
クロスブレイク,払い抜け
クロスブレイク,かすみ二段
クロスブレイク,なで斬り
クロスブレイク,みじん斬り
クロスブレイク,龍尾返し
クロスブレイク,かぶと割り
クロスブレイク,天地二段
クロスブレイク,逆風の太刀
クロスブレイク,トマホーク
クロスブレイク,かかと切り
クロスブレイク,ハイパーハンマー
クロスブレイク,大木断
クロスブレイク,一人時間差
クロスブレイク,スカルクラッシュ
クロスブレイク,アクセルターン
クロスブレイク,夜叉横断
クロスブレイク,スカイドライヴ
クロスブレイク,大強撃
クロスブレイク,ヨーヨー
クロスブレイク,高速ナブラ
クロスブレイク,回し打ち
クロスブレイク,ハートビート
クロスブレイク,海老殺し
クロスブレイク,骨砕き
クロスブレイク,脳天直撃
クロスブレイク,どら鳴らし
クロスブレイク,痛打
クロスブレイク,削岩撃
クロスブレイク,払い突き
クロスブレイク,二段突き
クロスブレイク,草伏せ
クロスブレイク,チャージ
クロスブレイク,くし刺し
クロスブレイク,高波返し
クロスブレイク,エイミング
クロスブレイク,スカッシュ
クロスブレイク,光の腕
クロスブレイク,極楽連衝
クロスブレイク,蓮華衝
クロスブレイク,サイドワインダー
クロスブレイク,連射
クロスブレイク,瞬速の矢
クロスブレイク,ニードルショット
クロスブレイク,ウッドストック
クロスブレイク,フレイムナーガ
クロスブレイク,樹
クロスブレイク,樹打
クロスブレイク,プレス
みじん斬り,裏拳
みじん斬り,キッチンシンク
みじん斬り,かすみ二段
みじん斬り,なで斬り
みじん斬り,トマホーク
みじん斬り,ハートビート
みじん斬り,骨砕き
みじん斬り,痛打
龍尾返し,正拳
龍尾返し,裏拳
龍尾返し,胴抜き
龍尾返し,熊掌打
龍尾返し,ボコボコ
龍尾返し,キックラッシュ
龍尾返し,蹴上がり
龍尾返し,三角蹴り
龍尾返し,キッチンシンク
龍尾返し,追突剣
龍尾返し,払い抜け
龍尾返し,かすみ二段
龍尾返し,なで斬り
龍尾返し,みじん斬り
龍尾返し,かぶと割り
龍尾返し,天地二段
龍尾返し,トマホーク
龍尾返し,かかと切り
龍尾返し,ハイパーハンマー
龍尾返し,大木断
龍尾返し,一人時間差
龍尾返し,スカルクラッシュ
龍尾返し,アクセルターン
龍尾返し,夜叉横断
龍尾返し,スカイドライヴ
龍尾返し,大強撃
龍尾返し,高速ナブラ
龍尾返し,ハートビート
龍尾返し,骨砕き
龍尾返し,脳天直撃
龍尾返し,痛打
龍尾返し,削岩撃
龍尾返し,払い突き
龍尾返し,二段突き
龍尾返し,草伏せ
龍尾返し,くし刺し
龍尾返し,エイミング
龍尾返し,スカッシュ
龍尾返し,光の腕
龍尾返し,極楽連衝
龍尾返し,蓮華衝
龍尾返し,連射
龍尾返し,瞬速の矢
龍尾返し,ウッドストック
龍尾返し,フレイムナーガ
龍尾返し,樹
龍尾返し,樹打
龍尾返し,プレス
かぶと割り,裏拳
かぶと割り,キッチンシンク
かぶと割り,かすみ二段
かぶと割り,なで斬り
かぶと割り,トマホーク
かぶと割り,ハートビート
かぶと割り,骨砕き
かぶと割り,痛打
天地二段,正拳
天地二段,裏拳
天地二段,胴抜き
天地二段,ボコボコ
天地二段,爆砕鉄拳
天地二段,ハートブレイク
天地二段,キックラッシュ
天地二段,コークスクリュー
天地二段,蹴上がり
天地二段,三角蹴り
天地二段,あびせ倒し
天地二段,キッチンシンク
天地二段,滝登り
天地二段,カムイ
天地二段,切り返し
天地二段,十字切り
天地二段,払い抜け
天地二段,かすみ二段
天地二段,なで斬り
天地二段,クロスブレイク
天地二段,みじん斬り
天地二段,龍尾返し
天地二段,かぶと割り
天地二段,逆風の太刀
天地二段,トマホーク
天地二段,ハイパーハンマー
天地二段,一人時間差
天地二段,アクセルターン
天地二段,スカイドライヴ
天地二段,大強撃
天地二段,ヨーヨー
天地二段,高速ナブラ
天地二段,回し打ち
天地二段,ハートビート
天地二段,海老殺し
天地二段,骨砕き
天地二段,どら鳴らし
天地二段,痛打
天地二段,二段突き
天地二段,チャージ
天地二段,高波返し
天地二段,脳削り
天地二段,エイミング
天地二段,スカッシュ
天地二段,極楽連衝
天地二段,狙い撃ち
天地二段,イド・ブレイク
天地二段,サイドワインダー
天地二段,影矢
天地二段,針千本
天地二段,連射
天地二段,ニードルショット
天地二段,ウッドストック
天地二段,ウォーターハンマー
天地二段,焼殺
天地二段,召雷
天地二段,天雷
天地二段,樹
天地二段,石
天地二段,炎
天地二段,音
天地二段,音波剣
天地二段,音波弾
逆風の太刀,正拳
逆風の太刀,裏拳
逆風の太刀,胴抜き
逆風の太刀,熊掌打
逆風の太刀,ボコボコ
逆風の太刀,キックラッシュ
逆風の太刀,蹴上がり
逆風の太刀,三角蹴り
逆風の太刀,キッチンシンク
逆風の太刀,追突剣
逆風の太刀,払い抜け
逆風の太刀,かすみ二段
逆風の太刀,なで斬り
逆風の太刀,みじん斬り
逆風の太刀,かぶと割り
逆風の太刀,天地二段
逆風の太刀,トマホーク
逆風の太刀,かかと切り
逆風の太刀,ハイパーハンマー
逆風の太刀,大木断
逆風の太刀,一人時間差
逆風の太刀,スカルクラッシュ
逆風の太刀,アクセルターン
逆風の太刀,夜叉横断
逆風の太刀,スカイドライヴ
逆風の太刀,大強撃
逆風の太刀,高速ナブラ
逆風の太刀,ハートビート
逆風の太刀,骨砕き
逆風の太刀,脳天直撃
逆風の太刀,痛打
逆風の太刀,削岩撃
逆風の太刀,払い突き
逆風の太刀,二段突き
逆風の太刀,草伏せ
逆風の太刀,くし刺し
逆風の太刀,エイミング
逆風の太刀,スカッシュ
逆風の太刀,光の腕
逆風の太刀,極楽連衝
逆風の太刀,蓮華衝
逆風の太刀,連射
逆風の太刀,瞬速の矢
逆風の太刀,ウッドストック
逆風の太刀,フレイムナーガ
逆風の太刀,樹
逆風の太刀,樹打
逆風の太刀,プレス
ブルクラッシュ,正拳
ブルクラッシュ,裏拳
ブルクラッシュ,胴抜き
ブルクラッシュ,熊掌打
ブルクラッシュ,ボコボコ
ブルクラッシュ,キックラッシュ
ブルクラッシュ,コークスクリュー
ブルクラッシュ,蹴上がり
ブルクラッシュ,三角蹴り
ブルクラッシュ,キッチンシンク
ブルクラッシュ,切り返し
ブルクラッシュ,十字切り
ブルクラッシュ,追突剣
ブルクラッシュ,払い抜け
ブルクラッシュ,かすみ二段
ブルクラッシュ,なで斬り
ブルクラッシュ,クロスブレイク
ブルクラッシュ,みじん斬り
ブルクラッシュ,龍尾返し
ブルクラッシュ,かぶと割り
ブルクラッシュ,天地二段
ブルクラッシュ,逆風の太刀
ブルクラッシュ,トマホーク
ブルクラッシュ,かかと切り
ブルクラッシュ,ハイパーハンマー
ブルクラッシュ,大木断
ブルクラッシュ,一人時間差
ブルクラッシュ,スカルクラッシュ
ブルクラッシュ,アクセルターン
ブルクラッシュ,夜叉横断
ブルクラッシュ,スカイドライヴ
ブルクラッシュ,大強撃
ブルクラッシュ,高速ナブラ
ブルクラッシュ,回し打ち
ブルクラッシュ,ハートビート
ブルクラッシュ,海老殺し
ブルクラッシュ,骨砕き
ブルクラッシュ,脳天直撃
ブルクラッシュ,どら鳴らし
ブルクラッシュ,痛打
ブルクラッシュ,削岩撃
ブルクラッシュ,払い突き
ブルクラッシュ,二段突き
ブルクラッシュ,草伏せ
ブルクラッシュ,チャージ
ブルクラッシュ,くし刺し
ブルクラッシュ,高波返し
ブルクラッシュ,エイミング
ブルクラッシュ,スカッシュ
ブルクラッシュ,光の腕
ブルクラッシュ,極楽連衝
ブルクラッシュ,蓮華衝
ブルクラッシュ,針千本
ブルクラッシュ,連射
ブルクラッシュ,瞬速の矢
ブルクラッシュ,ニードルショット
ブルクラッシュ,ウッドストック
ブルクラッシュ,召雷
ブルクラッシュ,樹
ブルクラッシュ,樹打
ブルクラッシュ,プレス
残像剣,正拳
残像剣,裏拳
残像剣,胴抜き
残像剣,熊掌打
残像剣,ボコボコ
残像剣,爆砕鉄拳
残像剣,ハートブレイク
残像剣,キックラッシュ
残像剣,コークスクリュー
残像剣,蹴上がり
残像剣,三角蹴り
残像剣,あびせ倒し
残像剣,キッチンシンク
残像剣,滝登り
残像剣,カムイ
残像剣,切り返し
残像剣,十字切り
残像剣,追突剣
残像剣,払い抜け
残像剣,かすみ二段
残像剣,なで斬り
残像剣,クロスブレイク
残像剣,みじん斬り
残像剣,龍尾返し
残像剣,かぶと割り
残像剣,天地二段
残像剣,逆風の太刀
残像剣,トマホーク
残像剣,かかと切り
残像剣,ハイパーハンマー
残像剣,大木断
残像剣,一人時間差
残像剣,スカルクラッシュ
残像剣,アクセルターン
残像剣,夜叉横断
残像剣,スカイドライヴ
残像剣,大強撃
残像剣,ヨーヨー
残像剣,高速ナブラ
残像剣,ハートビート
残像剣,海老殺し
残像剣,骨砕き
残像剣,脳天直撃
残像剣,どら鳴らし
残像剣,痛打
残像剣,削岩撃
残像剣,払い突き
残像剣,二段突き
残像剣,草伏せ
残像剣,くし刺し
残像剣,脳削り
残像剣,エイミング
残像剣,スカッシュ
残像剣,光の腕
残像剣,極楽連衝
残像剣,蓮華衝
残像剣,狙い撃ち
残像剣,イド・ブレイク
残像剣,サイドワインダー
残像剣,影矢
残像剣,針千本
残像剣,連射
残像剣,瞬速の矢
残像剣,ニードルショット
残像剣,ウッドストック
残像剣,ウォーターハンマー
残像剣,フレイムナーガ
残像剣,焼殺
残像剣,召雷
残像剣,天雷
残像剣,樹
残像剣,石
残像剣,炎
残像剣,音
残像剣,樹打
残像剣,音波剣
残像剣,音波弾
残像剣,プレス
無拍子,正拳
無拍子,裏拳
無拍子,胴抜き
無拍子,熊掌打
無拍子,ボコボコ
無拍子,キックラッシュ
無拍子,蹴上がり
無拍子,三角蹴り
無拍子,キッチンシンク
無拍子,断滅
無拍子,追突剣
無拍子,払い抜け
無拍子,スマッシュ
無拍子,かすみ二段
無拍子,ファイナルレター
無拍子,デッドエンド
無拍子,なで斬り
無拍子,みじん斬り
無拍子,かぶと割り
無拍子,天地二段
無拍子,ブルクラッシュ
無拍子,ベアクラッシュ
無拍子,マルチウェイ
無拍子,トマホーク
無拍子,かかと切り
無拍子,ハイパーハンマー
無拍子,大木断
無拍子,一人時間差
無拍子,スカルクラッシュ
無拍子,アクセルターン
無拍子,夜叉横断
無拍子,スカイドライヴ
無拍子,大強撃
無拍子,高速ナブラ
無拍子,スカイランデヴー
無拍子,マキ割りトルネード
無拍子,ハートビート
無拍子,骨砕き
無拍子,脳天直撃
無拍子,痛打
無拍子,削岩撃
無拍子,かめごうら割り
無拍子,からすとうさぎ
無拍子,払い突き
無拍子,二段突き
無拍子,草伏せ
無拍子,くし刺し
無拍子,エイミング
無拍子,スカッシュ
無拍子,光の腕
無拍子,極楽連衝
無拍子,活殺獣閃衝
無拍子,蓮華衝
無拍子,無双三段
無拍子,イド・ブレイク
無拍子,連射
無拍子,瞬速の矢
無拍子,水晶のピラミッド
無拍子,ウッドストック
無拍子,フレイムナーガ
無拍子,樹
無拍子,樹打
無拍子,プレス
剣風閃,正拳
剣風閃,裏拳
剣風閃,胴抜き
剣風閃,熊掌打
剣風閃,ボコボコ
剣風閃,爆砕鉄拳
剣風閃,ハートブレイク
剣風閃,キックラッシュ
剣風閃,コークスクリュー
剣風閃,蹴上がり
剣風閃,三角蹴り
剣風閃,あびせ倒し
剣風閃,キッチンシンク
剣風閃,滝登り
剣風閃,カムイ
剣風閃,切り返し
剣風閃,十字切り
剣風閃,追突剣
剣風閃,払い抜け
剣風閃,かすみ二段
剣風閃,なで斬り
剣風閃,クロスブレイク
剣風閃,みじん斬り
剣風閃,龍尾返し
剣風閃,かぶと割り
剣風閃,天地二段
剣風閃,逆風の太刀
剣風閃,トマホーク
剣風閃,かかと切り
剣風閃,ハイパーハンマー
剣風閃,大木断
剣風閃,一人時間差
剣風閃,スカルクラッシュ
剣風閃,アクセルターン
剣風閃,夜叉横断
剣風閃,スカイドライヴ
剣風閃,大強撃
剣風閃,ヨーヨー
剣風閃,高速ナブラ
剣風閃,回し打ち
剣風閃,ハートビート
剣風閃,海老殺し
剣風閃,骨砕き
剣風閃,脳天直撃
剣風閃,どら鳴らし
剣風閃,痛打
剣風閃,削岩撃
剣風閃,払い突き
剣風閃,二段突き
剣風閃,草伏せ
剣風閃,チャージ
剣風閃,くし刺し
剣風閃,高波返し
剣風閃,脳削り
剣風閃,エイミング
剣風閃,スカッシュ
剣風閃,光の腕
剣風閃,極楽連衝
剣風閃,蓮華衝
剣風閃,狙い撃ち
剣風閃,イド・ブレイク
剣風閃,サイドワインダー
剣風閃,影矢
剣風閃,針千本
剣風閃,連射
剣風閃,瞬速の矢
剣風閃,ニードルショット
剣風閃,ウッドストック
剣風閃,ウォーターハンマー
剣風閃,フレイムナーガ
剣風閃,焼殺
剣風閃,召雷
剣風閃,天雷
剣風閃,樹
剣風閃,石
剣風閃,炎
剣風閃,音
剣風閃,樹打
剣風閃,音波剣
剣風閃,音波弾
剣風閃,プレス
ベアクラッシュ,正拳
ベアクラッシュ,裏拳
ベアクラッシュ,胴抜き
ベアクラッシュ,ボコボコ
ベアクラッシュ,キックラッシュ
ベアクラッシュ,コークスクリュー
ベアクラッシュ,蹴上がり
ベアクラッシュ,三角蹴り
ベアクラッシュ,キッチンシンク
ベアクラッシュ,切り返し
ベアクラッシュ,十字切り
ベアクラッシュ,払い抜け
ベアクラッシュ,かすみ二段
ベアクラッシュ,なで斬り
ベアクラッシュ,クロスブレイク
ベアクラッシュ,みじん斬り
ベアクラッシュ,龍尾返し
ベアクラッシュ,かぶと割り
ベアクラッシュ,逆風の太刀
ベアクラッシュ,トマホーク
ベアクラッシュ,ハイパーハンマー
ベアクラッシュ,一人時間差
ベアクラッシュ,スカイドライヴ
ベアクラッシュ,大強撃
ベアクラッシュ,高速ナブラ
ベアクラッシュ,回し打ち
ベアクラッシュ,ハートビート
ベアクラッシュ,海老殺し
ベアクラッシュ,骨砕き
ベアクラッシュ,どら鳴らし
ベアクラッシュ,痛打
ベアクラッシュ,二段突き
ベアクラッシュ,チャージ
ベアクラッシュ,高波返し
ベアクラッシュ,エイミング
ベアクラッシュ,スカッシュ
ベアクラッシュ,極楽連衝
ベアクラッシュ,狙い撃ち
ベアクラッシュ,針千本
ベアクラッシュ,連射
ベアクラッシュ,ニードルショット
ベアクラッシュ,召雷
マルチウェイ,正拳
マルチウェイ,裏拳
マルチウェイ,胴抜き
マルチウェイ,ボコボコ
マルチウェイ,キックラッシュ
マルチウェイ,コークスクリュー
マルチウェイ,蹴上がり
マルチウェイ,三角蹴り
マルチウェイ,キッチンシンク
マルチウェイ,切り返し
マルチウェイ,十字切り
マルチウェイ,払い抜け
マルチウェイ,かすみ二段
マルチウェイ,なで斬り
マルチウェイ,クロスブレイク
マルチウェイ,みじん斬り
マルチウェイ,龍尾返し
マルチウェイ,かぶと割り
マルチウェイ,逆風の太刀
マルチウェイ,トマホーク
マルチウェイ,ハイパーハンマー
マルチウェイ,一人時間差
マルチウェイ,スカイドライヴ
マルチウェイ,大強撃
マルチウェイ,高速ナブラ
マルチウェイ,回し打ち
マルチウェイ,ハートビート
マルチウェイ,海老殺し
マルチウェイ,骨砕き
マルチウェイ,どら鳴らし
マルチウェイ,痛打
マルチウェイ,二段突き
マルチウェイ,チャージ
マルチウェイ,高波返し
マルチウェイ,エイミング
マルチウェイ,スカッシュ
マルチウェイ,極楽連衝
マルチウェイ,狙い撃ち
マルチウェイ,針千本
マルチウェイ,連射
マルチウェイ,ニードルショット
マルチウェイ,召雷
烈風剣,正拳
烈風剣,裏拳
烈風剣,胴抜き
烈風剣,熊掌打
烈風剣,ボコボコ
烈風剣,鬼走り
烈風剣,爆砕鉄拳
烈風剣,ハートブレイク
烈風剣,アームハンマー
烈風剣,キックラッシュ
烈風剣,コークスクリュー
烈風剣,蹴上がり
烈風剣,三角蹴り
烈風剣,あびせ倒し
烈風剣,キッチンシンク
烈風剣,ローリングサンダー
烈風剣,呼び戻し
烈風剣,滝登り
烈風剣,三龍旋
烈風剣,カムイ
烈風剣,断滅
烈風剣,切り返し
烈風剣,十字切り
烈風剣,追突剣
烈風剣,払い抜け
烈風剣,スマッシュ
烈風剣,かすみ二段
烈風剣,デッドエンド
烈風剣,なで斬り
烈風剣,クロスブレイク
烈風剣,みじん斬り
烈風剣,龍尾返し
烈風剣,かぶと割り
烈風剣,天地二段
烈風剣,逆風の太刀
烈風剣,マルチウェイ
烈風剣,トマホーク
烈風剣,かかと切り
烈風剣,ハイパーハンマー
烈風剣,大木断
烈風剣,一人時間差
烈風剣,スカルクラッシュ
烈風剣,アクセルターン
烈風剣,夜叉横断
烈風剣,スカイドライヴ
烈風剣,大強撃
烈風剣,ヨーヨー
烈風剣,高速ナブラ
烈風剣,スカイランデヴー
烈風剣,マキ割りトルネード
烈風剣,回し打ち
烈風剣,ハートビート
烈風剣,海老殺し
烈風剣,骨砕き
烈風剣,脳天直撃
烈風剣,どら鳴らし
烈風剣,痛打
烈風剣,削岩撃
烈風剣,払い突き
烈風剣,二段突き
烈風剣,草伏せ
烈風剣,チャージ
烈風剣,くし刺し
烈風剣,高波返し
烈風剣,スウィング
烈風剣,脳削り
烈風剣,エイミング
烈風剣,スカッシュ
烈風剣,光の腕
烈風剣,極楽連衝
烈風剣,活殺獣閃衝
烈風剣,蓮華衝
烈風剣,無双三段
烈風剣,狙い撃ち
烈風剣,イド・ブレイク
烈風剣,サイドワインダー
烈風剣,影矢
烈風剣,針千本
烈風剣,連射
烈風剣,瞬速の矢
烈風剣,ウッドストック
烈風剣,フレイムナーガ
烈風剣,樹
烈風剣,炎
烈風剣,樹打
烈風剣,火炎龍
烈風剣,炎の太刀
烈風剣,プレス
疾風剣,正拳
疾風剣,裏拳
疾風剣,胴抜き
疾風剣,熊掌打
疾風剣,ボコボコ
疾風剣,鬼走り
疾風剣,爆砕鉄拳
疾風剣,ハートブレイク
疾風剣,アームハンマー
疾風剣,キックラッシュ
疾風剣,コークスクリュー
疾風剣,蹴上がり
疾風剣,三角蹴り
疾風剣,あびせ倒し
疾風剣,キッチンシンク
疾風剣,ローリングサンダー
疾風剣,呼び戻し
疾風剣,滝登り
疾風剣,三龍旋
疾風剣,カムイ
疾風剣,断滅
疾風剣,切り返し
疾風剣,十字切り
疾風剣,追突剣
疾風剣,払い抜け
疾風剣,スマッシュ
疾風剣,かすみ二段
疾風剣,デッドエンド
疾風剣,なで斬り
疾風剣,クロスブレイク
疾風剣,みじん斬り
疾風剣,龍尾返し
疾風剣,かぶと割り
疾風剣,天地二段
疾風剣,逆風の太刀
疾風剣,マルチウェイ
疾風剣,トマホーク
疾風剣,かかと切り
疾風剣,ハイパーハンマー
疾風剣,大木断
疾風剣,一人時間差
疾風剣,スカルクラッシュ
疾風剣,アクセルターン
疾風剣,夜叉横断
疾風剣,スカイドライヴ
疾風剣,大強撃
疾風剣,ヨーヨー
疾風剣,高速ナブラ
疾風剣,スカイランデヴー
疾風剣,マキ割りトルネード
疾風剣,回し打ち
疾風剣,ハートビート
疾風剣,海老殺し
疾風剣,骨砕き
疾風剣,脳天直撃
疾風剣,どら鳴らし
疾風剣,痛打
疾風剣,削岩撃
疾風剣,払い突き
疾風剣,二段突き
疾風剣,草伏せ
疾風剣,チャージ
疾風剣,くし刺し
疾風剣,高波返し
疾風剣,スウィング
疾風剣,脳削り
疾風剣,エイミング
疾風剣,スカッシュ
疾風剣,光の腕
疾風剣,極楽連衝
疾風剣,活殺獣閃衝
疾風剣,蓮華衝
疾風剣,無双三段
疾風剣,狙い撃ち
疾風剣,イド・ブレイク
疾風剣,サイドワインダー
疾風剣,影矢
疾風剣,針千本
疾風剣,連射
疾風剣,瞬速の矢
疾風剣,ニードルショット
疾風剣,ウッドストック
疾風剣,ウォーターハンマー
疾風剣,焼殺
疾風剣,召雷
疾風剣,天雷
疾風剣,樹
疾風剣,石
疾風剣,炎
疾風剣,音
疾風剣,音波剣
疾風剣,音波弾
雷雲剣,正拳
雷雲剣,裏拳
雷雲剣,胴抜き
雷雲剣,熊掌打
雷雲剣,ボコボコ
雷雲剣,鬼走り
雷雲剣,爆砕鉄拳
雷雲剣,ハートブレイク
雷雲剣,アームハンマー
雷雲剣,キックラッシュ
雷雲剣,コークスクリュー
雷雲剣,蹴上がり
雷雲剣,三角蹴り
雷雲剣,あびせ倒し
雷雲剣,キッチンシンク
雷雲剣,ローリングサンダー
雷雲剣,呼び戻し
雷雲剣,滝登り
雷雲剣,三龍旋
雷雲剣,カムイ
雷雲剣,断滅
雷雲剣,切り返し
雷雲剣,十字切り
雷雲剣,追突剣
雷雲剣,払い抜け
雷雲剣,スマッシュ
雷雲剣,かすみ二段
雷雲剣,デッドエンド
雷雲剣,なで斬り
雷雲剣,クロスブレイク
雷雲剣,みじん斬り
雷雲剣,龍尾返し
雷雲剣,かぶと割り
雷雲剣,天地二段
雷雲剣,逆風の太刀
雷雲剣,マルチウェイ
雷雲剣,トマホーク
雷雲剣,かかと切り
雷雲剣,ハイパーハンマー
雷雲剣,大木断
雷雲剣,一人時間差
雷雲剣,スカルクラッシュ
雷雲剣,アクセルターン
雷雲剣,夜叉横断
雷雲剣,スカイドライヴ
雷雲剣,大強撃
雷雲剣,ヨーヨー
雷雲剣,高速ナブラ
雷雲剣,スカイランデヴー
雷雲剣,マキ割りトルネード
雷雲剣,回し打ち
雷雲剣,ハートビート
雷雲剣,海老殺し
雷雲剣,骨砕き
雷雲剣,脳天直撃
雷雲剣,どら鳴らし
雷雲剣,痛打
雷雲剣,削岩撃
雷雲剣,払い突き
雷雲剣,二段突き
雷雲剣,草伏せ
雷雲剣,チャージ
雷雲剣,くし刺し
雷雲剣,高波返し
雷雲剣,スウィング
雷雲剣,脳削り
雷雲剣,エイミング
雷雲剣,スカッシュ
雷雲剣,光の腕
雷雲剣,極楽連衝
雷雲剣,活殺獣閃衝
雷雲剣,蓮華衝
雷雲剣,無双三段
雷雲剣,狙い撃ち
雷雲剣,イド・ブレイク
雷雲剣,サイドワインダー
雷雲剣,影矢
雷雲剣,針千本
雷雲剣,連射
雷雲剣,瞬速の矢
雷雲剣,ニードルショット
雷雲剣,ウッドストック
雷雲剣,ウォーターハンマー
雷雲剣,焼殺
雷雲剣,召雷
雷雲剣,天雷
雷雲剣,樹
雷雲剣,石
雷雲剣,炎
雷雲剣,音
雷雲剣,音波剣
雷雲剣,音波弾
トマホーク,正拳
トマホーク,裏拳
トマホーク,胴抜き
トマホーク,熊掌打
トマホーク,ボコボコ
トマホーク,キックラッシュ
トマホーク,蹴上がり
トマホーク,三角蹴り
トマホーク,キッチンシンク
トマホーク,追突剣
トマホーク,払い抜け
トマホーク,かすみ二段
トマホーク,なで斬り
トマホーク,みじん斬り
トマホーク,かぶと割り
トマホーク,天地二段
トマホーク,トマホーク
トマホーク,かかと切り
トマホーク,ハイパーハンマー
トマホーク,大木断
トマホーク,一人時間差
トマホーク,スカルクラッシュ
トマホーク,アクセルターン
トマホーク,夜叉横断
トマホーク,スカイドライヴ
トマホーク,大強撃
トマホーク,高速ナブラ
トマホーク,ハートビート
トマホーク,骨砕き
トマホーク,脳天直撃
トマホーク,痛打
トマホーク,削岩撃
トマホーク,払い突き
トマホーク,二段突き
トマホーク,草伏せ
トマホーク,くし刺し
トマホーク,エイミング
トマホーク,スカッシュ
トマホーク,光の腕
トマホーク,蓮華衝
トマホーク,連射
トマホーク,ウッドストック
トマホーク,フレイムナーガ
トマホーク,樹
トマホーク,樹打
トマホーク,プレス
かかと切り,正拳
かかと切り,裏拳
かかと切り,胴抜き
かかと切り,ボコボコ
かかと切り,鬼走り
かかと切り,アームハンマー
かかと切り,キックラッシュ
かかと切り,コークスクリュー
かかと切り,蹴上がり
かかと切り,三角蹴り
かかと切り,キッチンシンク
かかと切り,三龍旋
かかと切り,切り返し
かかと切り,十字切り
かかと切り,払い抜け
かかと切り,かすみ二段
かかと切り,なで斬り
かかと切り,クロスブレイク
かかと切り,みじん斬り
かかと切り,龍尾返し
かかと切り,かぶと割り
かかと切り,逆風の太刀
かかと切り,トマホーク
かかと切り,ハイパーハンマー
かかと切り,一人時間差
かかと切り,夜叉横断
かかと切り,スカイドライヴ
かかと切り,大強撃
かかと切り,ヨーヨー
かかと切り,高速ナブラ
かかと切り,回し打ち
かかと切り,ハートビート
かかと切り,海老殺し
かかと切り,骨砕き
かかと切り,どら鳴らし
かかと切り,痛打
かかと切り,二段突き
かかと切り,チャージ
かかと切り,高波返し
かかと切り,エイミング
かかと切り,スカッシュ
かかと切り,極楽連衝
かかと切り,狙い撃ち
かかと切り,サイドワインダー
かかと切り,針千本
かかと切り,連射
かかと切り,瞬速の矢
かかと切り,ニードルショット
かかと切り,召雷
ハイパーハンマー,裏拳
ハイパーハンマー,鬼走り
ハイパーハンマー,アームハンマー
ハイパーハンマー,キッチンシンク
ハイパーハンマー,三龍旋
ハイパーハンマー,切り返し
ハイパーハンマー,十字切り
ハイパーハンマー,払い抜け
ハイパーハンマー,かすみ二段
ハイパーハンマー,なで斬り
ハイパーハンマー,龍尾返し
ハイパーハンマー,逆風の太刀
ハイパーハンマー,トマホーク
ハイパーハンマー,夜叉横断
ハイパーハンマー,ヨーヨー
ハイパーハンマー,回し打ち
ハイパーハンマー,ハートビート
ハイパーハンマー,海老殺し
ハイパーハンマー,骨砕き
ハイパーハンマー,どら鳴らし
ハイパーハンマー,痛打
ハイパーハンマー,チャージ
ハイパーハンマー,高波返し
ハイパーハンマー,サイドワインダー
ハイパーハンマー,瞬速の矢
ハイパーハンマー,ニードルショット
大木断,正拳
大木断,裏拳
大木断,胴抜き
大木断,ボコボコ
大木断,爆砕鉄拳
大木断,ハートブレイク
大木断,キックラッシュ
大木断,コークスクリュー
大木断,蹴上がり
大木断,三角蹴り
大木断,あびせ倒し
大木断,キッチンシンク
大木断,滝登り
大木断,カムイ
大木断,切り返し
大木断,十字切り
大木断,払い抜け
大木断,かすみ二段
大木断,なで斬り
大木断,クロスブレイク
大木断,みじん斬り
大木断,龍尾返し
大木断,かぶと割り
大木断,逆風の太刀
大木断,トマホーク
大木断,ハイパーハンマー
大木断,一人時間差
大木断,アクセルターン
大木断,スカイドライヴ
大木断,大強撃
大木断,ヨーヨー
大木断,高速ナブラ
大木断,回し打ち
大木断,ハートビート
大木断,海老殺し
大木断,骨砕き
大木断,どら鳴らし
大木断,痛打
大木断,二段突き
大木断,チャージ
大木断,高波返し
大木断,脳削り
大木断,エイミング
大木断,スカッシュ
大木断,極楽連衝
大木断,狙い撃ち
大木断,イド・ブレイク
大木断,サイドワインダー
大木断,影矢
大木断,針千本
大木断,連射
大木断,ニードルショット
大木断,ウッドストック
大木断,ウォーターハンマー
大木断,焼殺
大木断,召雷
大木断,天雷
大木断,樹
大木断,石
大木断,炎
大木断,音
大木断,音波剣
大木断,音波弾
一人時間差,正拳
一人時間差,裏拳
一人時間差,胴抜き
一人時間差,熊掌打
一人時間差,ボコボコ
一人時間差,爆砕鉄拳
一人時間差,ハートブレイク
一人時間差,キックラッシュ
一人時間差,コークスクリュー
一人時間差,蹴上がり
一人時間差,三角蹴り
一人時間差,あびせ倒し
一人時間差,キッチンシンク
一人時間差,滝登り
一人時間差,カムイ
一人時間差,切り返し
一人時間差,十字切り
一人時間差,追突剣
一人時間差,払い抜け
一人時間差,かすみ二段
一人時間差,なで斬り
一人時間差,クロスブレイク
一人時間差,みじん斬り
一人時間差,龍尾返し
一人時間差,かぶと割り
一人時間差,天地二段
一人時間差,逆風の太刀
一人時間差,トマホーク
一人時間差,かかと切り
一人時間差,ハイパーハンマー
一人時間差,大木断
一人時間差,一人時間差
一人時間差,スカルクラッシュ
一人時間差,アクセルターン
一人時間差,夜叉横断
一人時間差,スカイドライヴ
一人時間差,大強撃
一人時間差,ヨーヨー
一人時間差,高速ナブラ
一人時間差,ハートビート
一人時間差,海老殺し
一人時間差,骨砕き
一人時間差,脳天直撃
一人時間差,どら鳴らし
一人時間差,痛打
一人時間差,削岩撃
一人時間差,払い突き
一人時間差,二段突き
一人時間差,草伏せ
一人時間差,くし刺し
一人時間差,脳削り
一人時間差,エイミング
一人時間差,スカッシュ
一人時間差,光の腕
一人時間差,蓮華衝
一人時間差,狙い撃ち
一人時間差,イド・ブレイク
一人時間差,サイドワインダー
一人時間差,影矢
一人時間差,針千本
一人時間差,連射
一人時間差,瞬速の矢
一人時間差,ニードルショット
一人時間差,ウッドストック
一人時間差,ウォーターハンマー
一人時間差,フレイムナーガ
一人時間差,焼殺
一人時間差,召雷
一人時間差,天雷
一人時間差,樹
一人時間差,石
一人時間差,炎
一人時間差,音
一人時間差,樹打
一人時間差,音波剣
一人時間差,音波弾
一人時間差,プレス
スカルクラッシュ,正拳
スカルクラッシュ,裏拳
スカルクラッシュ,胴抜き
スカルクラッシュ,ボコボコ
スカルクラッシュ,鬼走り
スカルクラッシュ,アームハンマー
スカルクラッシュ,キックラッシュ
スカルクラッシュ,コークスクリュー
スカルクラッシュ,蹴上がり
スカルクラッシュ,三角蹴り
スカルクラッシュ,キッチンシンク
スカルクラッシュ,三龍旋
スカルクラッシュ,切り返し
スカルクラッシュ,十字切り
スカルクラッシュ,払い抜け
スカルクラッシュ,かすみ二段
スカルクラッシュ,なで斬り
スカルクラッシュ,クロスブレイク
スカルクラッシュ,みじん斬り
スカルクラッシュ,龍尾返し
スカルクラッシュ,かぶと割り
スカルクラッシュ,逆風の太刀
スカルクラッシュ,トマホーク
スカルクラッシュ,ハイパーハンマー
スカルクラッシュ,一人時間差
スカルクラッシュ,夜叉横断
スカルクラッシュ,スカイドライヴ
スカルクラッシュ,大強撃
スカルクラッシュ,ヨーヨー
スカルクラッシュ,高速ナブラ
スカルクラッシュ,回し打ち
スカルクラッシュ,ハートビート
スカルクラッシュ,海老殺し
スカルクラッシュ,骨砕き
スカルクラッシュ,どら鳴らし
スカルクラッシュ,痛打
スカルクラッシュ,二段突き
スカルクラッシュ,チャージ
スカルクラッシュ,高波返し
スカルクラッシュ,エイミング
スカルクラッシュ,スカッシュ
スカルクラッシュ,極楽連衝
スカルクラッシュ,狙い撃ち
スカルクラッシュ,サイドワインダー
スカルクラッシュ,針千本
スカルクラッシュ,連射
スカルクラッシュ,瞬速の矢
スカルクラッシュ,ニードルショット
スカルクラッシュ,召雷
アクセルターン,正拳
アクセルターン,裏拳
アクセルターン,胴抜き
アクセルターン,ボコボコ
アクセルターン,鬼走り
アクセルターン,アームハンマー
アクセルターン,キックラッシュ
アクセルターン,コークスクリュー
アクセルターン,蹴上がり
アクセルターン,三角蹴り
アクセルターン,キッチンシンク
アクセルターン,三龍旋
アクセルターン,切り返し
アクセルターン,十字切り
アクセルターン,払い抜け
アクセルターン,かすみ二段
アクセルターン,なで斬り
アクセルターン,クロスブレイク
アクセルターン,みじん斬り
アクセルターン,龍尾返し
アクセルターン,かぶと割り
アクセルターン,逆風の太刀
アクセルターン,トマホーク
アクセルターン,ハイパーハンマー
アクセルターン,一人時間差
アクセルターン,夜叉横断
アクセルターン,スカイドライヴ
アクセルターン,大強撃
アクセルターン,ヨーヨー
アクセルターン,高速ナブラ
アクセルターン,回し打ち
アクセルターン,ハートビート
アクセルターン,海老殺し
アクセルターン,骨砕き
アクセルターン,どら鳴らし
アクセルターン,痛打
アクセルターン,二段突き
アクセルターン,チャージ
アクセルターン,高波返し
アクセルターン,エイミング
アクセルターン,スカッシュ
アクセルターン,極楽連衝
アクセルターン,狙い撃ち
アクセルターン,サイドワインダー
アクセルターン,針千本
アクセルターン,連射
アクセルターン,瞬速の矢
アクセルターン,ニードルショット
アクセルターン,召雷
夜叉横断,正拳
夜叉横断,裏拳
夜叉横断,胴抜き
夜叉横断,ボコボコ
夜叉横断,爆砕鉄拳
夜叉横断,ハートブレイク
夜叉横断,キックラッシュ
夜叉横断,コークスクリュー
夜叉横断,蹴上がり
夜叉横断,三角蹴り
夜叉横断,あびせ倒し
夜叉横断,キッチンシンク
夜叉横断,滝登り
夜叉横断,カムイ
夜叉横断,切り返し
夜叉横断,十字切り
夜叉横断,払い抜け
夜叉横断,かすみ二段
夜叉横断,なで斬り
夜叉横断,クロスブレイク
夜叉横断,みじん斬り
夜叉横断,龍尾返し
夜叉横断,かぶと割り
夜叉横断,逆風の太刀
夜叉横断,トマホーク
夜叉横断,ハイパーハンマー
夜叉横断,一人時間差
夜叉横断,アクセルターン
夜叉横断,スカイドライヴ
夜叉横断,大強撃
夜叉横断,ヨーヨー
夜叉横断,高速ナブラ
夜叉横断,回し打ち
夜叉横断,ハートビート
夜叉横断,海老殺し
夜叉横断,骨砕き
夜叉横断,どら鳴らし
夜叉横断,痛打
夜叉横断,二段突き
夜叉横断,チャージ
夜叉横断,高波返し
夜叉横断,脳削り
夜叉横断,エイミング
夜叉横断,スカッシュ
夜叉横断,極楽連衝
夜叉横断,狙い撃ち
夜叉横断,イド・ブレイク
夜叉横断,サイドワインダー
夜叉横断,影矢
夜叉横断,針千本
夜叉横断,連射
夜叉横断,ニードルショット
夜叉横断,ウッドストック
夜叉横断,ウォーターハンマー
夜叉横断,焼殺
夜叉横断,召雷
夜叉横断,天雷
夜叉横断,樹
夜叉横断,石
夜叉横断,炎
夜叉横断,音
夜叉横断,音波剣
夜叉横断,音波弾
スカイドライヴ,裏拳
スカイドライヴ,鬼走り
スカイドライヴ,アームハンマー
スカイドライヴ,キッチンシンク
スカイドライヴ,三龍旋
スカイドライヴ,切り返し
スカイドライヴ,十字切り
スカイドライヴ,払い抜け
スカイドライヴ,かすみ二段
スカイドライヴ,なで斬り
スカイドライヴ,龍尾返し
スカイドライヴ,逆風の太刀
スカイドライヴ,トマホーク
スカイドライヴ,夜叉横断
スカイドライヴ,ヨーヨー
スカイドライヴ,回し打ち
スカイドライヴ,ハートビート
スカイドライヴ,海老殺し
スカイドライヴ,骨砕き
スカイドライヴ,どら鳴らし
スカイドライヴ,痛打
スカイドライヴ,チャージ
スカイドライヴ,高波返し
スカイドライヴ,サイドワインダー
スカイドライヴ,瞬速の矢
スカイドライヴ,ニードルショット
大強撃,裏拳
大強撃,鬼走り
大強撃,アームハンマー
大強撃,キッチンシンク
大強撃,三龍旋
大強撃,切り返し
大強撃,十字切り
大強撃,払い抜け
大強撃,かすみ二段
大強撃,なで斬り
大強撃,龍尾返し
大強撃,逆風の太刀
大強撃,トマホーク
大強撃,夜叉横断
大強撃,ヨーヨー
大強撃,回し打ち
大強撃,ハートビート
大強撃,海老殺し
大強撃,骨砕き
大強撃,どら鳴らし
大強撃,痛打
大強撃,チャージ
大強撃,高波返し
大強撃,サイドワインダー
大強撃,瞬速の矢
大強撃,ニードルショット
ヨーヨー,正拳
ヨーヨー,裏拳
ヨーヨー,胴抜き
ヨーヨー,熊掌打
ヨーヨー,ボコボコ
ヨーヨー,キックラッシュ
ヨーヨー,蹴上がり
ヨーヨー,三角蹴り
ヨーヨー,キッチンシンク
ヨーヨー,追突剣
ヨーヨー,払い抜け
ヨーヨー,かすみ二段
ヨーヨー,なで斬り
ヨーヨー,みじん斬り
ヨーヨー,かぶと割り
ヨーヨー,天地二段
ヨーヨー,トマホーク
ヨーヨー,かかと切り
ヨーヨー,ハイパーハンマー
ヨーヨー,大木断
ヨーヨー,一人時間差
ヨーヨー,スカルクラッシュ
ヨーヨー,アクセルターン
ヨーヨー,夜叉横断
ヨーヨー,スカイドライヴ
ヨーヨー,大強撃
ヨーヨー,高速ナブラ
ヨーヨー,ハートビート
ヨーヨー,骨砕き
ヨーヨー,脳天直撃
ヨーヨー,痛打
ヨーヨー,削岩撃
ヨーヨー,払い突き
ヨーヨー,二段突き
ヨーヨー,草伏せ
ヨーヨー,くし刺し
ヨーヨー,エイミング
ヨーヨー,スカッシュ
ヨーヨー,光の腕
ヨーヨー,極楽連衝
ヨーヨー,蓮華衝
ヨーヨー,連射
ヨーヨー,瞬速の矢
ヨーヨー,ウッドストック
ヨーヨー,フレイムナーガ
ヨーヨー,樹
ヨーヨー,樹打
ヨーヨー,プレス
車輪撃,裏拳
車輪撃,鬼走り
車輪撃,アームハンマー
車輪撃,キッチンシンク
車輪撃,三龍旋
車輪撃,断滅
車輪撃,切り返し
車輪撃,十字切り
車輪撃,払い抜け
車輪撃,かすみ二段
車輪撃,なで斬り
車輪撃,龍尾返し
車輪撃,逆風の太刀
車輪撃,トマホーク
車輪撃,夜叉横断
車輪撃,ヨーヨー
車輪撃,回し打ち
車輪撃,ハートビート
車輪撃,海老殺し
車輪撃,骨砕き
車輪撃,どら鳴らし
車輪撃,痛打
車輪撃,チャージ
車輪撃,高波返し
車輪撃,サイドワインダー
車輪撃,瞬速の矢
車輪撃,ニードルショット
高速ナブラ,裏拳
高速ナブラ,胴抜き
高速ナブラ,爆砕鉄拳
高速ナブラ,ハートブレイク
高速ナブラ,コークスクリュー
高速ナブラ,あびせ倒し
高速ナブラ,キッチンシンク
高速ナブラ,滝登り
高速ナブラ,カムイ
高速ナブラ,切り返し
高速ナブラ,十字切り
高速ナブラ,かすみ二段
高速ナブラ,なで斬り
高速ナブラ,クロスブレイク
高速ナブラ,みじん斬り
高速ナブラ,龍尾返し
高速ナブラ,逆風の太刀
高速ナブラ,トマホーク
高速ナブラ,ハイパーハンマー
高速ナブラ,アクセルターン
高速ナブラ,大強撃
高速ナブラ,ヨーヨー
高速ナブラ,ハートビート
高速ナブラ,海老殺し
高速ナブラ,骨砕き
高速ナブラ,どら鳴らし
高速ナブラ,痛打
高速ナブラ,二段突き
高速ナブラ,脳削り
高速ナブラ,エイミング
高速ナブラ,スカッシュ
高速ナブラ,狙い撃ち
高速ナブラ,イド・ブレイク
高速ナブラ,サイドワインダー
高速ナブラ,影矢
高速ナブラ,針千本
高速ナブラ,ニードルショット
高速ナブラ,ウッドストック
高速ナブラ,ウォーターハンマー
高速ナブラ,焼殺
高速ナブラ,召雷
高速ナブラ,天雷
高速ナブラ,樹
高速ナブラ,石
高速ナブラ,炎
高速ナブラ,音
高速ナブラ,音波剣
高速ナブラ,音波弾
スカイランデヴー,裏拳
スカイランデヴー,鬼走り
スカイランデヴー,アームハンマー
スカイランデヴー,キッチンシンク
スカイランデヴー,三龍旋
スカイランデヴー,切り返し
スカイランデヴー,十字切り
スカイランデヴー,払い抜け
スカイランデヴー,かすみ二段
スカイランデヴー,なで斬り
スカイランデヴー,龍尾返し
スカイランデヴー,逆風の太刀
スカイランデヴー,トマホーク
スカイランデヴー,夜叉横断
スカイランデヴー,ヨーヨー
スカイランデヴー,回し打ち
スカイランデヴー,ハートビート
スカイランデヴー,海老殺し
スカイランデヴー,骨砕き
スカイランデヴー,どら鳴らし
スカイランデヴー,痛打
スカイランデヴー,チャージ
スカイランデヴー,高波返し
スカイランデヴー,サイドワインダー
スカイランデヴー,瞬速の矢
スカイランデヴー,ニードルショット
マキ割りトルネード,裏拳
マキ割りトルネード,キッチンシンク
マキ割りトルネード,かすみ二段
マキ割りトルネード,なで斬り
マキ割りトルネード,トマホーク
マキ割りトルネード,ハートビート
マキ割りトルネード,骨砕き
マキ割りトルネード,痛打
火炎車,正拳
火炎車,裏拳
火炎車,胴抜き
火炎車,熊掌打
火炎車,ボコボコ
火炎車,鬼走り
火炎車,爆砕鉄拳
火炎車,ハートブレイク
火炎車,アームハンマー
火炎車,キックラッシュ
火炎車,コークスクリュー
火炎車,蹴上がり
火炎車,三角蹴り
火炎車,あびせ倒し
火炎車,キッチンシンク
火炎車,ローリングサンダー
火炎車,呼び戻し
火炎車,滝登り
火炎車,三龍旋
火炎車,カムイ
火炎車,断滅
火炎車,切り返し
火炎車,十字切り
火炎車,追突剣
火炎車,払い抜け
火炎車,スマッシュ
火炎車,かすみ二段
火炎車,デッドエンド
火炎車,なで斬り
火炎車,クロスブレイク
火炎車,みじん斬り
火炎車,龍尾返し
火炎車,かぶと割り
火炎車,天地二段
火炎車,逆風の太刀
火炎車,マルチウェイ
火炎車,トマホーク
火炎車,かかと切り
火炎車,ハイパーハンマー
火炎車,大木断
火炎車,一人時間差
火炎車,スカルクラッシュ
火炎車,アクセルターン
火炎車,夜叉横断
火炎車,スカイドライヴ
火炎車,大強撃
火炎車,ヨーヨー
火炎車,高速ナブラ
火炎車,スカイランデヴー
火炎車,マキ割りトルネード
火炎車,回し打ち
火炎車,ハートビート
火炎車,海老殺し
火炎車,骨砕き
火炎車,脳天直撃
火炎車,どら鳴らし
火炎車,痛打
火炎車,削岩撃
火炎車,払い突き
火炎車,二段突き
火炎車,草伏せ
火炎車,チャージ
火炎車,くし刺し
火炎車,高波返し
火炎車,スウィング
火炎車,脳削り
火炎車,エイミング
火炎車,スカッシュ
火炎車,光の腕
火炎車,極楽連衝
火炎車,活殺獣閃衝
火炎車,蓮華衝
火炎車,無双三段
火炎車,狙い撃ち
火炎車,イド・ブレイク
火炎車,サイドワインダー
火炎車,影矢
火炎車,針千本
火炎車,連射
火炎車,瞬速の矢
火炎車,ニードルショット
火炎車,ウッドストック
火炎車,ウォーターハンマー
火炎車,フレイムナーガ
火炎車,焼殺
火炎車,召雷
火炎車,天雷
火炎車,樹
火炎車,石
火炎車,炎
火炎車,音
火炎車,樹打
火炎車,音波剣
火炎車,音波弾
火炎車,プレス
回し打ち,裏拳
回し打ち,胴抜き
回し打ち,爆砕鉄拳
回し打ち,ハートブレイク
回し打ち,コークスクリュー
回し打ち,あびせ倒し
回し打ち,キッチンシンク
回し打ち,滝登り
回し打ち,カムイ
回し打ち,断滅
回し打ち,切り返し
回し打ち,十字切り
回し打ち,スマッシュ
回し打ち,かすみ二段
回し打ち,ファイナルレター
回し打ち,デッドエンド
回し打ち,なで斬り
回し打ち,クロスブレイク
回し打ち,みじん斬り
回し打ち,龍尾返し
回し打ち,逆風の太刀
回し打ち,ブルクラッシュ
回し打ち,ベアクラッシュ
回し打ち,マルチウェイ
回し打ち,トマホーク
回し打ち,ハイパーハンマー
回し打ち,アクセルターン
回し打ち,大強撃
回し打ち,ヨーヨー
回し打ち,スカイランデヴー
回し打ち,マキ割りトルネード
回し打ち,ハートビート
回し打ち,海老殺し
回し打ち,骨砕き
回し打ち,どら鳴らし
回し打ち,痛打
回し打ち,かめごうら割り
回し打ち,からすとうさぎ
回し打ち,二段突き
回し打ち,脳削り
回し打ち,エイミング
回し打ち,スカッシュ
回し打ち,活殺獣閃衝
回し打ち,無双三段
回し打ち,狙い撃ち
回し打ち,イド・ブレイク
回し打ち,サイドワインダー
回し打ち,影矢
回し打ち,針千本
回し打ち,水晶のピラミッド
回し打ち,ニードルショット
回し打ち,ウッドストック
回し打ち,ウォーターハンマー
回し打ち,焼殺
回し打ち,召雷
回し打ち,天雷
回し打ち,樹
回し打ち,石
回し打ち,炎
回し打ち,音
回し打ち,音波剣
回し打ち,音波弾
ハートビート,正拳
ハートビート,裏拳
ハートビート,胴抜き
ハートビート,熊掌打
ハートビート,ボコボコ
ハートビート,キックラッシュ
ハートビート,コークスクリュー
ハートビート,蹴上がり
ハートビート,三角蹴り
ハートビート,キッチンシンク
ハートビート,断滅
ハートビート,切り返し
ハートビート,十字切り
ハートビート,追突剣
ハートビート,払い抜け
ハートビート,スマッシュ
ハートビート,かすみ二段
ハートビート,ファイナルレター
ハートビート,デッドエンド
ハートビート,なで斬り
ハートビート,クロスブレイク
ハートビート,みじん斬り
ハートビート,龍尾返し
ハートビート,かぶと割り
ハートビート,天地二段
ハートビート,逆風の太刀
ハートビート,ブルクラッシュ
ハートビート,ベアクラッシュ
ハートビート,マルチウェイ
ハートビート,トマホーク
ハートビート,かかと切り
ハートビート,ハイパーハンマー
ハートビート,大木断
ハートビート,一人時間差
ハートビート,スカルクラッシュ
ハートビート,アクセルターン
ハートビート,夜叉横断
ハートビート,スカイドライヴ
ハートビート,大強撃
ハートビート,高速ナブラ
ハートビート,スカイランデヴー
ハートビート,マキ割りトルネード
ハートビート,回し打ち
ハートビート,ハートビート
ハートビート,海老殺し
ハートビート,骨砕き
ハートビート,脳天直撃
ハートビート,どら鳴らし
ハートビート,痛打
ハートビート,削岩撃
ハートビート,かめごうら割り
ハートビート,からすとうさぎ
ハートビート,払い突き
ハートビート,二段突き
ハートビート,草伏せ
ハートビート,チャージ
ハートビート,くし刺し
ハートビート,高波返し
ハートビート,エイミング
ハートビート,スカッシュ
ハートビート,光の腕
ハートビート,極楽連衝
ハートビート,活殺獣閃衝
ハートビート,蓮華衝
ハートビート,無双三段
ハートビート,狙い撃ち
ハートビート,イド・ブレイク
ハートビート,針千本
ハートビート,連射
ハートビート,瞬速の矢
ハートビート,水晶のピラミッド
ハートビート,ニードルショット
ハートビート,ウッドストック
ハートビート,フレイムナーガ
ハートビート,召雷
ハートビート,樹
ハートビート,樹打
ハートビート,プレス
海老殺し,正拳
海老殺し,裏拳
海老殺し,胴抜き
海老殺し,熊掌打
海老殺し,ボコボコ
海老殺し,キックラッシュ
海老殺し,蹴上がり
海老殺し,三角蹴り
海老殺し,キッチンシンク
海老殺し,追突剣
海老殺し,払い抜け
海老殺し,かすみ二段
海老殺し,なで斬り
海老殺し,みじん斬り
海老殺し,かぶと割り
海老殺し,天地二段
海老殺し,トマホーク
海老殺し,かかと切り
海老殺し,ハイパーハンマー
海老殺し,大木断
海老殺し,一人時間差
海老殺し,スカルクラッシュ
海老殺し,アクセルターン
海老殺し,夜叉横断
海老殺し,スカイドライヴ
海老殺し,大強撃
海老殺し,高速ナブラ
海老殺し,ハートビート
海老殺し,骨砕き
海老殺し,脳天直撃
海老殺し,痛打
海老殺し,削岩撃
海老殺し,払い突き
海老殺し,二段突き
海老殺し,草伏せ
海老殺し,くし刺し
海老殺し,エイミング
海老殺し,スカッシュ
海老殺し,光の腕
海老殺し,極楽連衝
海老殺し,蓮華衝
海老殺し,連射
海老殺し,瞬速の矢
海老殺し,ウッドストック
海老殺し,フレイムナーガ
海老殺し,樹
海老殺し,樹打
海老殺し,プレス
骨砕き,正拳
骨砕き,裏拳
骨砕き,胴抜き
骨砕き,ボコボコ
骨砕き,爆砕鉄拳
骨砕き,ハートブレイク
骨砕き,キックラッシュ
骨砕き,コークスクリュー
骨砕き,蹴上がり
骨砕き,三角蹴り
骨砕き,あびせ倒し
骨砕き,キッチンシンク
骨砕き,滝登り
骨砕き,カムイ
骨砕き,断滅
骨砕き,切り返し
骨砕き,十字切り
骨砕き,払い抜け
骨砕き,スマッシュ
骨砕き,かすみ二段
骨砕き,ファイナルレター
骨砕き,デッドエンド
骨砕き,なで斬り
骨砕き,クロスブレイク
骨砕き,みじん斬り
骨砕き,龍尾返し
骨砕き,かぶと割り
骨砕き,逆風の太刀
骨砕き,ブルクラッシュ
骨砕き,ベアクラッシュ
骨砕き,マルチウェイ
骨砕き,トマホーク
骨砕き,ハイパーハンマー
骨砕き,一人時間差
骨砕き,アクセルターン
骨砕き,スカイドライヴ
骨砕き,大強撃
骨砕き,ヨーヨー
骨砕き,高速ナブラ
骨砕き,スカイランデヴー
骨砕き,マキ割りトルネード
骨砕き,回し打ち
骨砕き,ハートビート
骨砕き,海老殺し
骨砕き,骨砕き
骨砕き,どら鳴らし
骨砕き,痛打
骨砕き,かめごうら割り
骨砕き,からすとうさぎ
骨砕き,二段突き
骨砕き,チャージ
骨砕き,高波返し
骨砕き,脳削り
骨砕き,エイミング
骨砕き,スカッシュ
骨砕き,極楽連衝
骨砕き,活殺獣閃衝
骨砕き,無双三段
骨砕き,狙い撃ち
骨砕き,イド・ブレイク
骨砕き,サイドワインダー
骨砕き,影矢
骨砕き,針千本
骨砕き,連射
骨砕き,水晶のピラミッド
骨砕き,ニードルショット
骨砕き,ウッドストック
骨砕き,ウォーターハンマー
骨砕き,焼殺
骨砕き,召雷
骨砕き,天雷
骨砕き,樹
骨砕き,石
骨砕き,炎
骨砕き,音
骨砕き,音波剣
骨砕き,音波弾
脳天直撃,正拳
脳天直撃,裏拳
脳天直撃,胴抜き
脳天直撃,ボコボコ
脳天直撃,キックラッシュ
脳天直撃,コークスクリュー
脳天直撃,蹴上がり
脳天直撃,三角蹴り
脳天直撃,キッチンシンク
脳天直撃,切り返し
脳天直撃,十字切り
脳天直撃,払い抜け
脳天直撃,かすみ二段
脳天直撃,なで斬り
脳天直撃,クロスブレイク
脳天直撃,みじん斬り
脳天直撃,龍尾返し
脳天直撃,かぶと割り
脳天直撃,逆風の太刀
脳天直撃,トマホーク
脳天直撃,ハイパーハンマー
脳天直撃,スカイドライヴ
脳天直撃,大強撃
脳天直撃,高速ナブラ
脳天直撃,回し打ち
脳天直撃,ハートビート
脳天直撃,海老殺し
脳天直撃,骨砕き
脳天直撃,どら鳴らし
脳天直撃,痛打
脳天直撃,二段突き
脳天直撃,チャージ
脳天直撃,高波返し
脳天直撃,エイミング
脳天直撃,スカッシュ
脳天直撃,極楽連衝
脳天直撃,狙い撃ち
脳天直撃,針千本
脳天直撃,連射
脳天直撃,ニードルショット
脳天直撃,召雷
どら鳴らし,正拳
どら鳴らし,裏拳
どら鳴らし,胴抜き
どら鳴らし,熊掌打
どら鳴らし,ボコボコ
どら鳴らし,爆砕鉄拳
どら鳴らし,ハートブレイク
どら鳴らし,キックラッシュ
どら鳴らし,コークスクリュー
どら鳴らし,蹴上がり
どら鳴らし,三角蹴り
どら鳴らし,あびせ倒し
どら鳴らし,キッチンシンク
どら鳴らし,滝登り
どら鳴らし,カムイ
どら鳴らし,切り返し
どら鳴らし,十字切り
どら鳴らし,追突剣
どら鳴らし,払い抜け
どら鳴らし,かすみ二段
どら鳴らし,なで斬り
どら鳴らし,クロスブレイク
どら鳴らし,みじん斬り
どら鳴らし,龍尾返し
どら鳴らし,かぶと割り
どら鳴らし,天地二段
どら鳴らし,逆風の太刀
どら鳴らし,トマホーク
どら鳴らし,かかと切り
どら鳴らし,ハイパーハンマー
どら鳴らし,大木断
どら鳴らし,一人時間差
どら鳴らし,スカルクラッシュ
どら鳴らし,アクセルターン
どら鳴らし,夜叉横断
どら鳴らし,スカイドライヴ
どら鳴らし,大強撃
どら鳴らし,ヨーヨー
どら鳴らし,高速ナブラ
どら鳴らし,回し打ち
どら鳴らし,ハートビート
どら鳴らし,海老殺し
どら鳴らし,骨砕き
どら鳴らし,脳天直撃
どら鳴らし,どら鳴らし
どら鳴らし,痛打
どら鳴らし,削岩撃
どら鳴らし,払い突き
どら鳴らし,二段突き
どら鳴らし,草伏せ
どら鳴らし,チャージ
どら鳴らし,くし刺し
どら鳴らし,高波返し
どら鳴らし,脳削り
どら鳴らし,エイミング
どら鳴らし,スカッシュ
どら鳴らし,光の腕
どら鳴らし,極楽連衝
どら鳴らし,蓮華衝
どら鳴らし,狙い撃ち
どら鳴らし,イド・ブレイク
どら鳴らし,サイドワインダー
どら鳴らし,影矢
どら鳴らし,針千本
どら鳴らし,連射
どら鳴らし,瞬速の矢
どら鳴らし,ニードルショット
どら鳴らし,ウッドストック
どら鳴らし,ウォーターハンマー
どら鳴らし,フレイムナーガ
どら鳴らし,焼殺
どら鳴らし,召雷
どら鳴らし,天雷
どら鳴らし,樹
どら鳴らし,石
どら鳴らし,炎
どら鳴らし,音
どら鳴らし,樹打
どら鳴らし,音波剣
どら鳴らし,音波弾
どら鳴らし,プレス
痛打,正拳
痛打,裏拳
痛打,胴抜き
痛打,熊掌打
痛打,ボコボコ
痛打,キックラッシュ
痛打,コークスクリュー
痛打,蹴上がり
痛打,三角蹴り
痛打,キッチンシンク
痛打,断滅
痛打,切り返し
痛打,十字切り
痛打,追突剣
痛打,払い抜け
痛打,スマッシュ
痛打,かすみ二段
痛打,ファイナルレター
痛打,デッドエンド
痛打,なで斬り
痛打,クロスブレイク
痛打,みじん斬り
痛打,龍尾返し
痛打,かぶと割り
痛打,天地二段
痛打,逆風の太刀
痛打,ブルクラッシュ
痛打,ベアクラッシュ
痛打,マルチウェイ
痛打,トマホーク
痛打,かかと切り
痛打,ハイパーハンマー
痛打,大木断
痛打,一人時間差
痛打,スカルクラッシュ
痛打,アクセルターン
痛打,夜叉横断
痛打,スカイドライヴ
痛打,大強撃
痛打,高速ナブラ
痛打,スカイランデヴー
痛打,マキ割りトルネード
痛打,回し打ち
痛打,ハートビート
痛打,海老殺し
痛打,骨砕き
痛打,脳天直撃
痛打,どら鳴らし
痛打,痛打
痛打,削岩撃
痛打,かめごうら割り
痛打,からすとうさぎ
痛打,払い突き
痛打,二段突き
痛打,草伏せ
痛打,チャージ
痛打,くし刺し
痛打,高波返し
痛打,エイミング
痛打,スカッシュ
痛打,光の腕
痛打,極楽連衝
痛打,活殺獣閃衝
痛打,蓮華衝
痛打,無双三段
痛打,狙い撃ち
痛打,イド・ブレイク
痛打,針千本
痛打,連射
痛打,瞬速の矢
痛打,水晶のピラミッド
痛打,ニードルショット
痛打,ウッドストック
痛打,フレイムナーガ
痛打,召雷
痛打,樹
痛打,樹打
痛打,プレス
削岩撃,正拳
削岩撃,裏拳
削岩撃,胴抜き
削岩撃,ボコボコ
削岩撃,鬼走り
削岩撃,爆砕鉄拳
削岩撃,ハートブレイク
削岩撃,アームハンマー
削岩撃,キックラッシュ
削岩撃,コークスクリュー
削岩撃,蹴上がり
削岩撃,三角蹴り
削岩撃,あびせ倒し
削岩撃,キッチンシンク
削岩撃,滝登り
削岩撃,三龍旋
削岩撃,カムイ
削岩撃,切り返し
削岩撃,十字切り
削岩撃,払い抜け
削岩撃,かすみ二段
削岩撃,なで斬り
削岩撃,クロスブレイク
削岩撃,みじん斬り
削岩撃,龍尾返し
削岩撃,かぶと割り
削岩撃,逆風の太刀
削岩撃,トマホーク
削岩撃,ハイパーハンマー
削岩撃,一人時間差
削岩撃,アクセルターン
削岩撃,夜叉横断
削岩撃,スカイドライヴ
削岩撃,大強撃
削岩撃,ヨーヨー
削岩撃,高速ナブラ
削岩撃,回し打ち
削岩撃,ハートビート
削岩撃,海老殺し
削岩撃,骨砕き
削岩撃,どら鳴らし
削岩撃,痛打
削岩撃,二段突き
削岩撃,チャージ
削岩撃,高波返し
削岩撃,脳削り
削岩撃,エイミング
削岩撃,スカッシュ
削岩撃,極楽連衝
削岩撃,狙い撃ち
削岩撃,イド・ブレイク
削岩撃,サイドワインダー
削岩撃,影矢
削岩撃,針千本
削岩撃,連射
削岩撃,瞬速の矢
削岩撃,ニードルショット
削岩撃,ウッドストック
削岩撃,ウォーターハンマー
削岩撃,焼殺
削岩撃,召雷
削岩撃,天雷
削岩撃,樹
削岩撃,石
削岩撃,炎
削岩撃,音
削岩撃,音波剣
削岩撃,音波弾
かめごうら割り,正拳
かめごうら割り,裏拳
かめごうら割り,胴抜き
かめごうら割り,熊掌打
かめごうら割り,ボコボコ
かめごうら割り,キックラッシュ
かめごうら割り,コークスクリュー
かめごうら割り,蹴上がり
かめごうら割り,三角蹴り
かめごうら割り,キッチンシンク
かめごうら割り,切り返し
かめごうら割り,十字切り
かめごうら割り,追突剣
かめごうら割り,払い抜け
かめごうら割り,かすみ二段
かめごうら割り,なで斬り
かめごうら割り,クロスブレイク
かめごうら割り,みじん斬り
かめごうら割り,龍尾返し
かめごうら割り,かぶと割り
かめごうら割り,天地二段
かめごうら割り,逆風の太刀
かめごうら割り,トマホーク
かめごうら割り,かかと切り
かめごうら割り,ハイパーハンマー
かめごうら割り,大木断
かめごうら割り,一人時間差
かめごうら割り,スカルクラッシュ
かめごうら割り,アクセルターン
かめごうら割り,夜叉横断
かめごうら割り,スカイドライヴ
かめごうら割り,大強撃
かめごうら割り,高速ナブラ
かめごうら割り,回し打ち
かめごうら割り,ハートビート
かめごうら割り,海老殺し
かめごうら割り,骨砕き
かめごうら割り,脳天直撃
かめごうら割り,どら鳴らし
かめごうら割り,痛打
かめごうら割り,削岩撃
かめごうら割り,払い突き
かめごうら割り,二段突き
かめごうら割り,草伏せ
かめごうら割り,チャージ
かめごうら割り,くし刺し
かめごうら割り,高波返し
かめごうら割り,エイミング
かめごうら割り,スカッシュ
かめごうら割り,光の腕
かめごうら割り,極楽連衝
かめごうら割り,蓮華衝
かめごうら割り,狙い撃ち
かめごうら割り,針千本
かめごうら割り,連射
かめごうら割り,瞬速の矢
かめごうら割り,ニードルショット
かめごうら割り,ウッドストック
かめごうら割り,フレイムナーガ
かめごうら割り,召雷
かめごうら割り,樹
かめごうら割り,樹打
かめごうら割り,プレス
グランドスラム,裏拳
グランドスラム,胴抜き
グランドスラム,鬼走り
グランドスラム,爆砕鉄拳
グランドスラム,ハートブレイク
グランドスラム,アームハンマー
グランドスラム,コークスクリュー
グランドスラム,あびせ倒し
グランドスラム,キッチンシンク
グランドスラム,滝登り
グランドスラム,三龍旋
グランドスラム,カムイ
グランドスラム,切り返し
グランドスラム,十字切り
グランドスラム,払い抜け
グランドスラム,かすみ二段
グランドスラム,なで斬り
グランドスラム,クロスブレイク
グランドスラム,みじん斬り
グランドスラム,龍尾返し
グランドスラム,逆風の太刀
グランドスラム,トマホーク
グランドスラム,ハイパーハンマー
グランドスラム,アクセルターン
グランドスラム,夜叉横断
グランドスラム,大強撃
グランドスラム,ヨーヨー
グランドスラム,回し打ち
グランドスラム,ハートビート
グランドスラム,海老殺し
グランドスラム,骨砕き
グランドスラム,どら鳴らし
グランドスラム,痛打
グランドスラム,二段突き
グランドスラム,チャージ
グランドスラム,高波返し
グランドスラム,脳削り
グランドスラム,エイミング
グランドスラム,スカッシュ
グランドスラム,狙い撃ち
グランドスラム,イド・ブレイク
グランドスラム,サイドワインダー
グランドスラム,影矢
グランドスラム,針千本
グランドスラム,瞬速の矢
グランドスラム,ニードルショット
グランドスラム,ウッドストック
グランドスラム,ウォーターハンマー
グランドスラム,焼殺
グランドスラム,召雷
グランドスラム,天雷
グランドスラム,樹
グランドスラム,石
グランドスラム,炎
グランドスラム,音
グランドスラム,音波剣
グランドスラム,音波弾
からすとうさぎ,正拳
からすとうさぎ,裏拳
からすとうさぎ,胴抜き
からすとうさぎ,熊掌打
からすとうさぎ,ボコボコ
からすとうさぎ,キックラッシュ
からすとうさぎ,コークスクリュー
からすとうさぎ,蹴上がり
からすとうさぎ,三角蹴り
からすとうさぎ,キッチンシンク
からすとうさぎ,切り返し
からすとうさぎ,十字切り
からすとうさぎ,追突剣
からすとうさぎ,払い抜け
からすとうさぎ,かすみ二段
からすとうさぎ,なで斬り
からすとうさぎ,クロスブレイク
からすとうさぎ,みじん斬り
からすとうさぎ,龍尾返し
からすとうさぎ,かぶと割り
からすとうさぎ,天地二段
からすとうさぎ,逆風の太刀
からすとうさぎ,トマホーク
からすとうさぎ,かかと切り
からすとうさぎ,ハイパーハンマー
からすとうさぎ,大木断
からすとうさぎ,一人時間差
からすとうさぎ,スカルクラッシュ
からすとうさぎ,アクセルターン
からすとうさぎ,夜叉横断
からすとうさぎ,スカイドライヴ
からすとうさぎ,大強撃
からすとうさぎ,高速ナブラ
からすとうさぎ,回し打ち
からすとうさぎ,ハートビート
からすとうさぎ,海老殺し
からすとうさぎ,骨砕き
からすとうさぎ,脳天直撃
からすとうさぎ,どら鳴らし
からすとうさぎ,痛打
からすとうさぎ,削岩撃
からすとうさぎ,払い突き
からすとうさぎ,二段突き
からすとうさぎ,草伏せ
からすとうさぎ,チャージ
からすとうさぎ,くし刺し
からすとうさぎ,高波返し
からすとうさぎ,エイミング
からすとうさぎ,スカッシュ
からすとうさぎ,光の腕
からすとうさぎ,極楽連衝
からすとうさぎ,蓮華衝
からすとうさぎ,狙い撃ち
からすとうさぎ,針千本
からすとうさぎ,連射
からすとうさぎ,瞬速の矢
からすとうさぎ,ニードルショット
からすとうさぎ,ウッドストック
からすとうさぎ,ウォーターハンマー
からすとうさぎ,フレイムナーガ
からすとうさぎ,焼殺
からすとうさぎ,召雷
からすとうさぎ,天雷
からすとうさぎ,樹
からすとうさぎ,樹打
からすとうさぎ,プレス
疾風打,正拳
疾風打,裏拳
疾風打,胴抜き
疾風打,熊掌打
疾風打,ボコボコ
疾風打,鬼走り
疾風打,爆砕鉄拳
疾風打,ハートブレイク
疾風打,アームハンマー
疾風打,キックラッシュ
疾風打,コークスクリュー
疾風打,蹴上がり
疾風打,三角蹴り
疾風打,あびせ倒し
疾風打,キッチンシンク
疾風打,ローリングサンダー
疾風打,呼び戻し
疾風打,滝登り
疾風打,三龍旋
疾風打,カムイ
疾風打,断滅
疾風打,切り返し
疾風打,十字切り
疾風打,追突剣
疾風打,払い抜け
疾風打,スマッシュ
疾風打,かすみ二段
疾風打,デッドエンド
疾風打,なで斬り
疾風打,クロスブレイク
疾風打,みじん斬り
疾風打,龍尾返し
疾風打,かぶと割り
疾風打,天地二段
疾風打,逆風の太刀
疾風打,マルチウェイ
疾風打,トマホーク
疾風打,かかと切り
疾風打,ハイパーハンマー
疾風打,大木断
疾風打,一人時間差
疾風打,スカルクラッシュ
疾風打,アクセルターン
疾風打,夜叉横断
疾風打,スカイドライヴ
疾風打,大強撃
疾風打,ヨーヨー
疾風打,高速ナブラ
疾風打,スカイランデヴー
疾風打,マキ割りトルネード
疾風打,回し打ち
疾風打,ハートビート
疾風打,海老殺し
疾風打,骨砕き
疾風打,脳天直撃
疾風打,どら鳴らし
疾風打,痛打
疾風打,削岩撃
疾風打,払い突き
疾風打,二段突き
疾風打,草伏せ
疾風打,チャージ
疾風打,くし刺し
疾風打,高波返し
疾風打,スウィング
疾風打,脳削り
疾風打,エイミング
疾風打,スカッシュ
疾風打,光の腕
疾風打,極楽連衝
疾風打,活殺獣閃衝
疾風打,蓮華衝
疾風打,無双三段
疾風打,狙い撃ち
疾風打,イド・ブレイク
疾風打,サイドワインダー
疾風打,影矢
疾風打,針千本
疾風打,連射
疾風打,瞬速の矢
疾風打,ニードルショット
疾風打,ウッドストック
疾風打,ウォーターハンマー
疾風打,焼殺
疾風打,召雷
疾風打,天雷
疾風打,樹
疾風打,石
疾風打,炎
疾風打,音
疾風打,音波剣
疾風打,音波弾
払い突き,裏拳
払い突き,胴抜き
払い突き,鬼走り
払い突き,爆砕鉄拳
払い突き,ハートブレイク
払い突き,アームハンマー
払い突き,コークスクリュー
払い突き,あびせ倒し
払い突き,キッチンシンク
払い突き,滝登り
払い突き,三龍旋
払い突き,カムイ
払い突き,切り返し
払い突き,十字切り
払い突き,払い抜け
払い突き,かすみ二段
払い突き,なで斬り
払い突き,クロスブレイク
払い突き,みじん斬り
払い突き,龍尾返し
払い突き,逆風の太刀
払い突き,トマホーク
払い突き,ハイパーハンマー
払い突き,アクセルターン
払い突き,夜叉横断
払い突き,大強撃
払い突き,ヨーヨー
払い突き,回し打ち
払い突き,ハートビート
払い突き,海老殺し
払い突き,骨砕き
払い突き,どら鳴らし
払い突き,痛打
払い突き,二段突き
払い突き,チャージ
払い突き,高波返し
払い突き,脳削り
払い突き,エイミング
払い突き,スカッシュ
払い突き,狙い撃ち
払い突き,イド・ブレイク
払い突き,サイドワインダー
払い突き,影矢
払い突き,針千本
払い突き,瞬速の矢
払い突き,ニードルショット
払い突き,ウッドストック
払い突き,ウォーターハンマー
払い突き,焼殺
払い突き,召雷
払い突き,天雷
払い突き,樹
払い突き,石
払い突き,炎
払い突き,音
払い突き,音波剣
払い突き,音波弾
二段突き,裏拳
二段突き,鬼走り
二段突き,アームハンマー
二段突き,キッチンシンク
二段突き,三龍旋
二段突き,切り返し
二段突き,十字切り
二段突き,払い抜け
二段突き,かすみ二段
二段突き,なで斬り
二段突き,龍尾返し
二段突き,逆風の太刀
二段突き,トマホーク
二段突き,夜叉横断
二段突き,ヨーヨー
二段突き,回し打ち
二段突き,ハートビート
二段突き,海老殺し
二段突き,骨砕き
二段突き,どら鳴らし
二段突き,痛打
二段突き,チャージ
二段突き,高波返し
二段突き,サイドワインダー
二段突き,瞬速の矢
二段突き,ニードルショット
草伏せ,正拳
草伏せ,裏拳
草伏せ,胴抜き
草伏せ,ボコボコ
草伏せ,鬼走り
草伏せ,爆砕鉄拳
草伏せ,ハートブレイク
草伏せ,アームハンマー
草伏せ,キックラッシュ
草伏せ,コークスクリュー
草伏せ,蹴上がり
草伏せ,三角蹴り
草伏せ,あびせ倒し
草伏せ,キッチンシンク
草伏せ,滝登り
草伏せ,三龍旋
草伏せ,カムイ
草伏せ,切り返し
草伏せ,十字切り
草伏せ,払い抜け
草伏せ,かすみ二段
草伏せ,なで斬り
草伏せ,クロスブレイク
草伏せ,みじん斬り
草伏せ,龍尾返し
草伏せ,かぶと割り
草伏せ,逆風の太刀
草伏せ,トマホーク
草伏せ,ハイパーハンマー
草伏せ,一人時間差
草伏せ,アクセルターン
草伏せ,夜叉横断
草伏せ,スカイドライヴ
草伏せ,大強撃
草伏せ,ヨーヨー
草伏せ,高速ナブラ
草伏せ,回し打ち
草伏せ,ハートビート
草伏せ,海老殺し
草伏せ,骨砕き
草伏せ,どら鳴らし
草伏せ,痛打
草伏せ,二段突き
草伏せ,チャージ
草伏せ,高波返し
草伏せ,脳削り
草伏せ,エイミング
草伏せ,スカッシュ
草伏せ,極楽連衝
草伏せ,蓮華衝
草伏せ,狙い撃ち
草伏せ,イド・ブレイク
草伏せ,サイドワインダー
草伏せ,影矢
草伏せ,針千本
草伏せ,連射
草伏せ,瞬速の矢
草伏せ,ニードルショット
草伏せ,ウッドストック
草伏せ,ウォーターハンマー
草伏せ,焼殺
草伏せ,召雷
草伏せ,天雷
草伏せ,樹
草伏せ,石
草伏せ,炎
草伏せ,音
草伏せ,音波剣
草伏せ,音波弾
チャージ,正拳
チャージ,裏拳
チャージ,胴抜き
チャージ,熊掌打
チャージ,ボコボコ
チャージ,キックラッシュ
チャージ,蹴上がり
チャージ,三角蹴り
チャージ,キッチンシンク
チャージ,追突剣
チャージ,払い抜け
チャージ,かすみ二段
チャージ,なで斬り
チャージ,みじん斬り
チャージ,かぶと割り
チャージ,天地二段
チャージ,トマホーク
チャージ,かかと切り
チャージ,ハイパーハンマー
チャージ,大木断
チャージ,一人時間差
チャージ,スカルクラッシュ
チャージ,アクセルターン
チャージ,夜叉横断
チャージ,スカイドライヴ
チャージ,大強撃
チャージ,高速ナブラ
チャージ,ハートビート
チャージ,骨砕き
チャージ,脳天直撃
チャージ,痛打
チャージ,削岩撃
チャージ,払い突き
チャージ,二段突き
チャージ,草伏せ
チャージ,くし刺し
チャージ,エイミング
チャージ,スカッシュ
チャージ,光の腕
チャージ,極楽連衝
チャージ,蓮華衝
チャージ,連射
チャージ,瞬速の矢
チャージ,ウッドストック
チャージ,フレイムナーガ
チャージ,樹
チャージ,樹打
チャージ,プレス
くし刺し,正拳
くし刺し,裏拳
くし刺し,胴抜き
くし刺し,熊掌打
くし刺し,ボコボコ
くし刺し,キックラッシュ
くし刺し,コークスクリュー
くし刺し,蹴上がり
くし刺し,三角蹴り
くし刺し,キッチンシンク
くし刺し,断滅
くし刺し,切り返し
くし刺し,十字切り
くし刺し,追突剣
くし刺し,払い抜け
くし刺し,スマッシュ
くし刺し,かすみ二段
くし刺し,ファイナルレター
くし刺し,デッドエンド
くし刺し,なで斬り
くし刺し,クロスブレイク
くし刺し,みじん斬り
くし刺し,龍尾返し
くし刺し,かぶと割り
くし刺し,天地二段
くし刺し,逆風の太刀
くし刺し,ブルクラッシュ
くし刺し,ベアクラッシュ
くし刺し,マルチウェイ
くし刺し,トマホーク
くし刺し,かかと切り
くし刺し,ハイパーハンマー
くし刺し,大木断
くし刺し,一人時間差
くし刺し,スカルクラッシュ
くし刺し,アクセルターン
くし刺し,夜叉横断
くし刺し,スカイドライヴ
くし刺し,大強撃
くし刺し,高速ナブラ
くし刺し,スカイランデヴー
くし刺し,マキ割りトルネード
くし刺し,回し打ち
くし刺し,ハートビート
くし刺し,海老殺し
くし刺し,骨砕き
くし刺し,脳天直撃
くし刺し,どら鳴らし
くし刺し,痛打
くし刺し,削岩撃
くし刺し,かめごうら割り
くし刺し,からすとうさぎ
くし刺し,払い突き
くし刺し,二段突き
くし刺し,草伏せ
くし刺し,チャージ
くし刺し,くし刺し
くし刺し,高波返し
くし刺し,エイミング
くし刺し,スカッシュ
くし刺し,光の腕
くし刺し,極楽連衝
くし刺し,活殺獣閃衝
くし刺し,蓮華衝
くし刺し,無双三段
くし刺し,狙い撃ち
くし刺し,イド・ブレイク
くし刺し,針千本
くし刺し,連射
くし刺し,瞬速の矢
くし刺し,水晶のピラミッド
くし刺し,ニードルショット
くし刺し,ウッドストック
くし刺し,フレイムナーガ
くし刺し,召雷
くし刺し,樹
くし刺し,樹打
くし刺し,プレス
高波返し,裏拳
高波返し,胴抜き
高波返し,爆砕鉄拳
高波返し,ハートブレイク
高波返し,コークスクリュー
高波返し,あびせ倒し
高波返し,キッチンシンク
高波返し,滝登り
高波返し,カムイ
高波返し,切り返し
高波返し,十字切り
高波返し,かすみ二段
高波返し,なで斬り
高波返し,クロスブレイク
高波返し,みじん斬り
高波返し,龍尾返し
高波返し,逆風の太刀
高波返し,トマホーク
高波返し,ハイパーハンマー
高波返し,アクセルターン
高波返し,大強撃
高波返し,ヨーヨー
高波返し,ハートビート
高波返し,海老殺し
高波返し,骨砕き
高波返し,どら鳴らし
高波返し,痛打
高波返し,二段突き
高波返し,脳削り
高波返し,エイミング
高波返し,スカッシュ
高波返し,狙い撃ち
高波返し,イド・ブレイク
高波返し,サイドワインダー
高波返し,影矢
高波返し,針千本
高波返し,ニードルショット
高波返し,ウッドストック
高波返し,ウォーターハンマー
高波返し,焼殺
高波返し,召雷
高波返し,天雷
高波返し,樹
高波返し,石
高波返し,炎
高波返し,音
高波返し,音波剣
高波返し,音波弾
スウィング,裏拳
スウィング,胴抜き
スウィング,鬼走り
スウィング,爆砕鉄拳
スウィング,ハートブレイク
スウィング,アームハンマー
スウィング,コークスクリュー
スウィング,あびせ倒し
スウィング,キッチンシンク
スウィング,滝登り
スウィング,三龍旋
スウィング,カムイ
スウィング,断滅
スウィング,切り返し
スウィング,十字切り
スウィング,払い抜け
スウィング,スマッシュ
スウィング,かすみ二段
スウィング,ファイナルレター
スウィング,デッドエンド
スウィング,なで斬り
スウィング,クロスブレイク
スウィング,みじん斬り
スウィング,龍尾返し
スウィング,逆風の太刀
スウィング,ブルクラッシュ
スウィング,ベアクラッシュ
スウィング,マルチウェイ
スウィング,トマホーク
スウィング,アクセルターン
スウィング,夜叉横断
スウィング,大強撃
スウィング,ヨーヨー
スウィング,スカイランデヴー
スウィング,マキ割りトルネード
スウィング,回し打ち
スウィング,ハートビート
スウィング,海老殺し
スウィング,骨砕き
スウィング,どら鳴らし
スウィング,痛打
スウィング,かめごうら割り
スウィング,からすとうさぎ
スウィング,二段突き
スウィング,チャージ
スウィング,高波返し
スウィング,脳削り
スウィング,エイミング
スウィング,スカッシュ
スウィング,活殺獣閃衝
スウィング,無双三段
スウィング,狙い撃ち
スウィング,イド・ブレイク
スウィング,サイドワインダー
スウィング,影矢
スウィング,針千本
スウィング,瞬速の矢
スウィング,水晶のピラミッド
スウィング,ニードルショット
スウィング,ウッドストック
スウィング,ウォーターハンマー
スウィング,焼殺
スウィング,召雷
スウィング,天雷
スウィング,樹
スウィング,石
スウィング,炎
スウィング,音
スウィング,音波剣
スウィング,音波弾
脳削り,正拳
脳削り,裏拳
脳削り,胴抜き
脳削り,熊掌打
脳削り,ボコボコ
脳削り,キックラッシュ
脳削り,コークスクリュー
脳削り,蹴上がり
脳削り,三角蹴り
脳削り,キッチンシンク
脳削り,断滅
脳削り,切り返し
脳削り,十字切り
脳削り,追突剣
脳削り,払い抜け
脳削り,スマッシュ
脳削り,かすみ二段
脳削り,ファイナルレター
脳削り,デッドエンド
脳削り,なで斬り
脳削り,クロスブレイク
脳削り,みじん斬り
脳削り,龍尾返し
脳削り,かぶと割り
脳削り,天地二段
脳削り,逆風の太刀
脳削り,ブルクラッシュ
脳削り,ベアクラッシュ
脳削り,マルチウェイ
脳削り,トマホーク
脳削り,かかと切り
脳削り,ハイパーハンマー
脳削り,大木断
脳削り,一人時間差
脳削り,スカルクラッシュ
脳削り,アクセルターン
脳削り,夜叉横断
脳削り,スカイドライヴ
脳削り,大強撃
脳削り,高速ナブラ
脳削り,スカイランデヴー
脳削り,マキ割りトルネード
脳削り,回し打ち
脳削り,ハートビート
脳削り,海老殺し
脳削り,骨砕き
脳削り,脳天直撃
脳削り,どら鳴らし
脳削り,痛打
脳削り,削岩撃
脳削り,かめごうら割り
脳削り,からすとうさぎ
脳削り,払い突き
脳削り,二段突き
脳削り,草伏せ
脳削り,チャージ
脳削り,くし刺し
脳削り,高波返し
脳削り,エイミング
脳削り,スカッシュ
脳削り,光の腕
脳削り,極楽連衝
脳削り,活殺獣閃衝
脳削り,蓮華衝
脳削り,無双三段
脳削り,狙い撃ち
脳削り,イド・ブレイク
脳削り,針千本
脳削り,連射
脳削り,瞬速の矢
脳削り,水晶のピラミッド
脳削り,ニードルショット
脳削り,ウッドストック
脳削り,フレイムナーガ
脳削り,召雷
脳削り,樹
脳削り,樹打
脳削り,プレス
エイミング,裏拳
エイミング,キッチンシンク
エイミング,かすみ二段
エイミング,なで斬り
エイミング,トマホーク
エイミング,ハートビート
エイミング,骨砕き
エイミング,痛打
スカッシュ,裏拳
スカッシュ,胴抜き
スカッシュ,鬼走り
スカッシュ,爆砕鉄拳
スカッシュ,ハートブレイク
スカッシュ,アームハンマー
スカッシュ,コークスクリュー
スカッシュ,あびせ倒し
スカッシュ,キッチンシンク
スカッシュ,滝登り
スカッシュ,三龍旋
スカッシュ,カムイ
スカッシュ,切り返し
スカッシュ,十字切り
スカッシュ,払い抜け
スカッシュ,かすみ二段
スカッシュ,なで斬り
スカッシュ,クロスブレイク
スカッシュ,みじん斬り
スカッシュ,龍尾返し
スカッシュ,逆風の太刀
スカッシュ,トマホーク
スカッシュ,ハイパーハンマー
スカッシュ,アクセルターン
スカッシュ,夜叉横断
スカッシュ,大強撃
スカッシュ,ヨーヨー
スカッシュ,回し打ち
スカッシュ,ハートビート
スカッシュ,海老殺し
スカッシュ,骨砕き
スカッシュ,どら鳴らし
スカッシュ,痛打
スカッシュ,二段突き
スカッシュ,チャージ
スカッシュ,高波返し
スカッシュ,脳削り
スカッシュ,エイミング
スカッシュ,スカッシュ
スカッシュ,狙い撃ち
スカッシュ,イド・ブレイク
スカッシュ,サイドワインダー
スカッシュ,影矢
スカッシュ,針千本
スカッシュ,瞬速の矢
スカッシュ,ニードルショット
スカッシュ,ウッドストック
スカッシュ,ウォーターハンマー
スカッシュ,焼殺
スカッシュ,召雷
スカッシュ,天雷
スカッシュ,樹
スカッシュ,石
スカッシュ,炎
スカッシュ,音
スカッシュ,音波剣
スカッシュ,音波弾
光の腕,正拳
光の腕,裏拳
光の腕,胴抜き
光の腕,ボコボコ
光の腕,鬼走り
光の腕,爆砕鉄拳
光の腕,ハートブレイク
光の腕,アームハンマー
光の腕,キックラッシュ
光の腕,コークスクリュー
光の腕,蹴上がり
光の腕,三角蹴り
光の腕,あびせ倒し
光の腕,キッチンシンク
光の腕,滝登り
光の腕,三龍旋
光の腕,カムイ
光の腕,切り返し
光の腕,十字切り
光の腕,払い抜け
光の腕,かすみ二段
光の腕,なで斬り
光の腕,クロスブレイク
光の腕,みじん斬り
光の腕,龍尾返し
光の腕,かぶと割り
光の腕,逆風の太刀
光の腕,トマホーク
光の腕,ハイパーハンマー
光の腕,一人時間差
光の腕,アクセルターン
光の腕,夜叉横断
光の腕,スカイドライヴ
光の腕,大強撃
光の腕,ヨーヨー
光の腕,高速ナブラ
光の腕,回し打ち
光の腕,ハートビート
光の腕,海老殺し
光の腕,骨砕き
光の腕,どら鳴らし
光の腕,痛打
光の腕,二段突き
光の腕,チャージ
光の腕,高波返し
光の腕,脳削り
光の腕,エイミング
光の腕,スカッシュ
光の腕,極楽連衝
光の腕,狙い撃ち
光の腕,イド・ブレイク
光の腕,サイドワインダー
光の腕,影矢
光の腕,針千本
光の腕,連射
光の腕,瞬速の矢
光の腕,ニードルショット
光の腕,ウッドストック
光の腕,ウォーターハンマー
光の腕,焼殺
光の腕,召雷
光の腕,天雷
光の腕,樹
光の腕,石
光の腕,炎
光の腕,音
光の腕,音波剣
光の腕,音波弾
極楽連衝,裏拳
極楽連衝,胴抜き
極楽連衝,爆砕鉄拳
極楽連衝,ハートブレイク
極楽連衝,コークスクリュー
極楽連衝,あびせ倒し
極楽連衝,キッチンシンク
極楽連衝,滝登り
極楽連衝,カムイ
極楽連衝,切り返し
極楽連衝,十字切り
極楽連衝,かすみ二段
極楽連衝,なで斬り
極楽連衝,クロスブレイク
極楽連衝,みじん斬り
極楽連衝,龍尾返し
極楽連衝,逆風の太刀
極楽連衝,トマホーク
極楽連衝,ハイパーハンマー
極楽連衝,アクセルターン
極楽連衝,大強撃
極楽連衝,ヨーヨー
極楽連衝,ハートビート
極楽連衝,海老殺し
極楽連衝,骨砕き
極楽連衝,どら鳴らし
極楽連衝,痛打
極楽連衝,二段突き
極楽連衝,脳削り
極楽連衝,エイミング
極楽連衝,スカッシュ
極楽連衝,狙い撃ち
極楽連衝,イド・ブレイク
極楽連衝,サイドワインダー
極楽連衝,影矢
極楽連衝,針千本
極楽連衝,ニードルショット
極楽連衝,ウッドストック
極楽連衝,ウォーターハンマー
極楽連衝,焼殺
極楽連衝,召雷
極楽連衝,天雷
極楽連衝,樹
極楽連衝,石
極楽連衝,炎
極楽連衝,音
極楽連衝,音波剣
極楽連衝,音波弾
活殺獣閃衝,正拳
活殺獣閃衝,裏拳
活殺獣閃衝,胴抜き
活殺獣閃衝,熊掌打
活殺獣閃衝,ボコボコ
活殺獣閃衝,キックラッシュ
活殺獣閃衝,コークスクリュー
活殺獣閃衝,蹴上がり
活殺獣閃衝,三角蹴り
活殺獣閃衝,キッチンシンク
活殺獣閃衝,断滅
活殺獣閃衝,切り返し
活殺獣閃衝,十字切り
活殺獣閃衝,追突剣
活殺獣閃衝,払い抜け
活殺獣閃衝,スマッシュ
活殺獣閃衝,かすみ二段
活殺獣閃衝,ファイナルレター
活殺獣閃衝,デッドエンド
活殺獣閃衝,なで斬り
活殺獣閃衝,クロスブレイク
活殺獣閃衝,みじん斬り
活殺獣閃衝,龍尾返し
活殺獣閃衝,かぶと割り
活殺獣閃衝,天地二段
活殺獣閃衝,逆風の太刀
活殺獣閃衝,ブルクラッシュ
活殺獣閃衝,ベアクラッシュ
活殺獣閃衝,マルチウェイ
活殺獣閃衝,トマホーク
活殺獣閃衝,かかと切り
活殺獣閃衝,ハイパーハンマー
活殺獣閃衝,大木断
活殺獣閃衝,一人時間差
活殺獣閃衝,スカルクラッシュ
活殺獣閃衝,アクセルターン
活殺獣閃衝,夜叉横断
活殺獣閃衝,スカイドライヴ
活殺獣閃衝,大強撃
活殺獣閃衝,高速ナブラ
活殺獣閃衝,スカイランデヴー
活殺獣閃衝,マキ割りトルネード
活殺獣閃衝,回し打ち
活殺獣閃衝,ハートビート
活殺獣閃衝,海老殺し
活殺獣閃衝,骨砕き
活殺獣閃衝,脳天直撃
活殺獣閃衝,どら鳴らし
活殺獣閃衝,痛打
活殺獣閃衝,削岩撃
活殺獣閃衝,かめごうら割り
活殺獣閃衝,からすとうさぎ
活殺獣閃衝,払い突き
活殺獣閃衝,二段突き
活殺獣閃衝,草伏せ
活殺獣閃衝,チャージ
活殺獣閃衝,くし刺し
活殺獣閃衝,高波返し
活殺獣閃衝,エイミング
活殺獣閃衝,スカッシュ
活殺獣閃衝,光の腕
活殺獣閃衝,極楽連衝
活殺獣閃衝,活殺獣閃衝
活殺獣閃衝,蓮華衝
活殺獣閃衝,無双三段
活殺獣閃衝,狙い撃ち
活殺獣閃衝,イド・ブレイク
活殺獣閃衝,針千本
活殺獣閃衝,連射
活殺獣閃衝,瞬速の矢
活殺獣閃衝,水晶のピラミッド
活殺獣閃衝,ニードルショット
活殺獣閃衝,ウッドストック
活殺獣閃衝,フレイムナーガ
活殺獣閃衝,召雷
活殺獣閃衝,樹
活殺獣閃衝,樹打
活殺獣閃衝,プレス
蓮華衝,裏拳
蓮華衝,キッチンシンク
蓮華衝,かすみ二段
蓮華衝,なで斬り
蓮華衝,トマホーク
蓮華衝,ハートビート
蓮華衝,骨砕き
蓮華衝,痛打
無双三段,裏拳
無双三段,キッチンシンク
無双三段,かすみ二段
無双三段,なで斬り
無双三段,トマホーク
無双三段,ハートビート
無双三段,骨砕き
無双三段,痛打
ミヅチ,正拳
ミヅチ,裏拳
ミヅチ,胴抜き
ミヅチ,熊掌打
ミヅチ,ボコボコ
ミヅチ,鬼走り
ミヅチ,爆砕鉄拳
ミヅチ,ハートブレイク
ミヅチ,アームハンマー
ミヅチ,キックラッシュ
ミヅチ,コークスクリュー
ミヅチ,蹴上がり
ミヅチ,三角蹴り
ミヅチ,あびせ倒し
ミヅチ,キッチンシンク
ミヅチ,ローリングサンダー
ミヅチ,呼び戻し
ミヅチ,滝登り
ミヅチ,三龍旋
ミヅチ,カムイ
ミヅチ,断滅
ミヅチ,切り返し
ミヅチ,十字切り
ミヅチ,追突剣
ミヅチ,払い抜け
ミヅチ,スマッシュ
ミヅチ,かすみ二段
ミヅチ,デッドエンド
ミヅチ,なで斬り
ミヅチ,クロスブレイク
ミヅチ,みじん斬り
ミヅチ,龍尾返し
ミヅチ,かぶと割り
ミヅチ,天地二段
ミヅチ,逆風の太刀
ミヅチ,マルチウェイ
ミヅチ,トマホーク
ミヅチ,かかと切り
ミヅチ,ハイパーハンマー
ミヅチ,大木断
ミヅチ,一人時間差
ミヅチ,スカルクラッシュ
ミヅチ,アクセルターン
ミヅチ,夜叉横断
ミヅチ,スカイドライヴ
ミヅチ,大強撃
ミヅチ,ヨーヨー
ミヅチ,高速ナブラ
ミヅチ,スカイランデヴー
ミヅチ,マキ割りトルネード
ミヅチ,回し打ち
ミヅチ,ハートビート
ミヅチ,海老殺し
ミヅチ,骨砕き
ミヅチ,脳天直撃
ミヅチ,どら鳴らし
ミヅチ,痛打
ミヅチ,削岩撃
ミヅチ,払い突き
ミヅチ,二段突き
ミヅチ,草伏せ
ミヅチ,チャージ
ミヅチ,くし刺し
ミヅチ,高波返し
ミヅチ,スウィング
ミヅチ,脳削り
ミヅチ,エイミング
ミヅチ,スカッシュ
ミヅチ,光の腕
ミヅチ,極楽連衝
ミヅチ,活殺獣閃衝
ミヅチ,蓮華衝
ミヅチ,無双三段
ミヅチ,狙い撃ち
ミヅチ,イド・ブレイク
ミヅチ,サイドワインダー
ミヅチ,影矢
ミヅチ,針千本
ミヅチ,連射
ミヅチ,瞬速の矢
ミヅチ,フレイムナーガ
ミヅチ,焼殺
ミヅチ,召雷
ミヅチ,天雷
ミヅチ,石
ミヅチ,石斧断
双龍破,正拳
双龍破,裏拳
双龍破,胴抜き
双龍破,熊掌打
双龍破,ボコボコ
双龍破,鬼走り
双龍破,爆砕鉄拳
双龍破,ハートブレイク
双龍破,アームハンマー
双龍破,キックラッシュ
双龍破,コークスクリュー
双龍破,蹴上がり
双龍破,三角蹴り
双龍破,あびせ倒し
双龍破,キッチンシンク
双龍破,ローリングサンダー
双龍破,呼び戻し
双龍破,滝登り
双龍破,三龍旋
双龍破,カムイ
双龍破,断滅
双龍破,切り返し
双龍破,十字切り
双龍破,追突剣
双龍破,払い抜け
双龍破,スマッシュ
双龍破,かすみ二段
双龍破,デッドエンド
双龍破,なで斬り
双龍破,クロスブレイク
双龍破,みじん斬り
双龍破,龍尾返し
双龍破,かぶと割り
双龍破,天地二段
双龍破,逆風の太刀
双龍破,マルチウェイ
双龍破,トマホーク
双龍破,かかと切り
双龍破,ハイパーハンマー
双龍破,大木断
双龍破,一人時間差
双龍破,スカルクラッシュ
双龍破,アクセルターン
双龍破,夜叉横断
双龍破,スカイドライヴ
双龍破,大強撃
双龍破,ヨーヨー
双龍破,高速ナブラ
双龍破,スカイランデヴー
双龍破,マキ割りトルネード
双龍破,回し打ち
双龍破,ハートビート
双龍破,海老殺し
双龍破,骨砕き
双龍破,脳天直撃
双龍破,どら鳴らし
双龍破,痛打
双龍破,削岩撃
双龍破,払い突き
双龍破,二段突き
双龍破,草伏せ
双龍破,チャージ
双龍破,くし刺し
双龍破,高波返し
双龍破,スウィング
双龍破,脳削り
双龍破,エイミング
双龍破,スカッシュ
双龍破,光の腕
双龍破,極楽連衝
双龍破,活殺獣閃衝
双龍破,蓮華衝
双龍破,無双三段
双龍破,狙い撃ち
双龍破,イド・ブレイク
双龍破,サイドワインダー
双龍破,影矢
双龍破,針千本
双龍破,連射
双龍破,瞬速の矢
双龍破,ウォーターハンマー
双龍破,フレイムナーガ
双龍破,焼殺
双龍破,召雷
双龍破,天雷
双龍破,石
双龍破,石斧断
アルダーストライク,正拳
アルダーストライク,裏拳
アルダーストライク,胴抜き
アルダーストライク,熊掌打
アルダーストライク,ボコボコ
アルダーストライク,鬼走り
アルダーストライク,爆砕鉄拳
アルダーストライク,ハートブレイク
アルダーストライク,アームハンマー
アルダーストライク,キックラッシュ
アルダーストライク,コークスクリュー
アルダーストライク,蹴上がり
アルダーストライク,三角蹴り
アルダーストライク,あびせ倒し
アルダーストライク,キッチンシンク
アルダーストライク,ローリングサンダー
アルダーストライク,呼び戻し
アルダーストライク,滝登り
アルダーストライク,三龍旋
アルダーストライク,カムイ
アルダーストライク,断滅
アルダーストライク,切り返し
アルダーストライク,十字切り
アルダーストライク,追突剣
アルダーストライク,払い抜け
アルダーストライク,スマッシュ
アルダーストライク,かすみ二段
アルダーストライク,デッドエンド
アルダーストライク,なで斬り
アルダーストライク,クロスブレイク
アルダーストライク,みじん斬り
アルダーストライク,龍尾返し
アルダーストライク,かぶと割り
アルダーストライク,天地二段
アルダーストライク,逆風の太刀
アルダーストライク,マルチウェイ
アルダーストライク,トマホーク
アルダーストライク,かかと切り
アルダーストライク,ハイパーハンマー
アルダーストライク,大木断
アルダーストライク,一人時間差
アルダーストライク,スカルクラッシュ
アルダーストライク,アクセルターン
アルダーストライク,夜叉横断
アルダーストライク,スカイドライヴ
アルダーストライク,大強撃
アルダーストライク,ヨーヨー
アルダーストライク,高速ナブラ
アルダーストライク,スカイランデヴー
アルダーストライク,マキ割りトルネード
アルダーストライク,回し打ち
アルダーストライク,ハートビート
アルダーストライク,海老殺し
アルダーストライク,骨砕き
アルダーストライク,脳天直撃
アルダーストライク,どら鳴らし
アルダーストライク,痛打
アルダーストライク,削岩撃
アルダーストライク,払い突き
アルダーストライク,二段突き
アルダーストライク,草伏せ
アルダーストライク,チャージ
アルダーストライク,くし刺し
アルダーストライク,高波返し
アルダーストライク,スウィング
アルダーストライク,脳削り
アルダーストライク,エイミング
アルダーストライク,スカッシュ
アルダーストライク,光の腕
アルダーストライク,極楽連衝
アルダーストライク,活殺獣閃衝
アルダーストライク,蓮華衝
アルダーストライク,無双三段
アルダーストライク,狙い撃ち
アルダーストライク,イド・ブレイク
アルダーストライク,サイドワインダー
アルダーストライク,影矢
アルダーストライク,針千本
アルダーストライク,連射
アルダーストライク,瞬速の矢
アルダーストライク,ウッドストック
アルダーストライク,ウォーターハンマー
アルダーストライク,フレイムナーガ
アルダーストライク,焼殺
アルダーストライク,召雷
アルダーストライク,天雷
アルダーストライク,樹
アルダーストライク,石
アルダーストライク,樹打
アルダーストライク,石斧断
アルダーストライク,プレス
狙い撃ち,正拳
狙い撃ち,裏拳
狙い撃ち,胴抜き
狙い撃ち,熊掌打
狙い撃ち,ボコボコ
狙い撃ち,キックラッシュ
狙い撃ち,蹴上がり
狙い撃ち,三角蹴り
狙い撃ち,キッチンシンク
狙い撃ち,断滅
狙い撃ち,追突剣
狙い撃ち,払い抜け
狙い撃ち,スマッシュ
狙い撃ち,かすみ二段
狙い撃ち,ファイナルレター
狙い撃ち,デッドエンド
狙い撃ち,なで斬り
狙い撃ち,かぶと割り
狙い撃ち,天地二段
狙い撃ち,ベアクラッシュ
狙い撃ち,マルチウェイ
狙い撃ち,トマホーク
狙い撃ち,かかと切り
狙い撃ち,ハイパーハンマー
狙い撃ち,大木断
狙い撃ち,一人時間差
狙い撃ち,スカルクラッシュ
狙い撃ち,アクセルターン
狙い撃ち,夜叉横断
狙い撃ち,スカイドライヴ
狙い撃ち,大強撃
狙い撃ち,高速ナブラ
狙い撃ち,スカイランデヴー
狙い撃ち,マキ割りトルネード
狙い撃ち,ハートビート
狙い撃ち,骨砕き
狙い撃ち,脳天直撃
狙い撃ち,痛打
狙い撃ち,削岩撃
狙い撃ち,かめごうら割り
狙い撃ち,からすとうさぎ
狙い撃ち,払い突き
狙い撃ち,二段突き
狙い撃ち,草伏せ
狙い撃ち,くし刺し
狙い撃ち,エイミング
狙い撃ち,スカッシュ
狙い撃ち,光の腕
狙い撃ち,極楽連衝
狙い撃ち,活殺獣閃衝
狙い撃ち,蓮華衝
狙い撃ち,無双三段
狙い撃ち,イド・ブレイク
狙い撃ち,連射
狙い撃ち,瞬速の矢
狙い撃ち,水晶のピラミッド
狙い撃ち,ウッドストック
狙い撃ち,樹
狙い撃ち,樹打
狙い撃ち,プレス
でたらめ矢,裏拳
でたらめ矢,胴抜き
でたらめ矢,爆砕鉄拳
でたらめ矢,ハートブレイク
でたらめ矢,コークスクリュー
でたらめ矢,あびせ倒し
でたらめ矢,キッチンシンク
でたらめ矢,滝登り
でたらめ矢,カムイ
でたらめ矢,断滅
でたらめ矢,切り返し
でたらめ矢,十字切り
でたらめ矢,スマッシュ
でたらめ矢,かすみ二段
でたらめ矢,ファイナルレター
でたらめ矢,デッドエンド
でたらめ矢,なで斬り
でたらめ矢,クロスブレイク
でたらめ矢,みじん斬り
でたらめ矢,龍尾返し
でたらめ矢,逆風の太刀
でたらめ矢,ブルクラッシュ
でたらめ矢,ベアクラッシュ
でたらめ矢,マルチウェイ
でたらめ矢,トマホーク
でたらめ矢,ハイパーハンマー
でたらめ矢,アクセルターン
でたらめ矢,大強撃
でたらめ矢,ヨーヨー
でたらめ矢,スカイランデヴー
でたらめ矢,マキ割りトルネード
でたらめ矢,ハートビート
でたらめ矢,海老殺し
でたらめ矢,骨砕き
でたらめ矢,どら鳴らし
でたらめ矢,痛打
でたらめ矢,かめごうら割り
でたらめ矢,からすとうさぎ
でたらめ矢,二段突き
でたらめ矢,脳削り
でたらめ矢,エイミング
でたらめ矢,スカッシュ
でたらめ矢,活殺獣閃衝
でたらめ矢,無双三段
でたらめ矢,狙い撃ち
でたらめ矢,イド・ブレイク
でたらめ矢,サイドワインダー
でたらめ矢,影矢
でたらめ矢,針千本
でたらめ矢,水晶のピラミッド
でたらめ矢,ニードルショット
でたらめ矢,ウッドストック
でたらめ矢,ウォーターハンマー
でたらめ矢,焼殺
でたらめ矢,召雷
でたらめ矢,天雷
でたらめ矢,樹
でたらめ矢,石
でたらめ矢,炎
でたらめ矢,音
でたらめ矢,音波剣
でたらめ矢,音波弾
影縫い,正拳
影縫い,裏拳
影縫い,胴抜き
影縫い,熊掌打
影縫い,ボコボコ
影縫い,爆砕鉄拳
影縫い,ハートブレイク
影縫い,キックラッシュ
影縫い,コークスクリュー
影縫い,蹴上がり
影縫い,三角蹴り
影縫い,あびせ倒し
影縫い,キッチンシンク
影縫い,滝登り
影縫い,カムイ
影縫い,切り返し
影縫い,十字切り
影縫い,追突剣
影縫い,払い抜け
影縫い,かすみ二段
影縫い,なで斬り
影縫い,クロスブレイク
影縫い,みじん斬り
影縫い,龍尾返し
影縫い,かぶと割り
影縫い,天地二段
影縫い,逆風の太刀
影縫い,ブルクラッシュ
影縫い,トマホーク
影縫い,かかと切り
影縫い,ハイパーハンマー
影縫い,大木断
影縫い,一人時間差
影縫い,スカルクラッシュ
影縫い,アクセルターン
影縫い,夜叉横断
影縫い,スカイドライヴ
影縫い,大強撃
影縫い,ヨーヨー
影縫い,高速ナブラ
影縫い,回し打ち
影縫い,ハートビート
影縫い,海老殺し
影縫い,骨砕き
影縫い,脳天直撃
影縫い,どら鳴らし
影縫い,痛打
影縫い,削岩撃
影縫い,払い突き
影縫い,二段突き
影縫い,草伏せ
影縫い,チャージ
影縫い,くし刺し
影縫い,高波返し
影縫い,脳削り
影縫い,エイミング
影縫い,スカッシュ
影縫い,光の腕
影縫い,極楽連衝
影縫い,蓮華衝
影縫い,狙い撃ち
影縫い,イド・ブレイク
影縫い,サイドワインダー
影縫い,影矢
影縫い,針千本
影縫い,連射
影縫い,瞬速の矢
影縫い,ニードルショット
影縫い,ウッドストック
影縫い,ウォーターハンマー
影縫い,フレイムナーガ
影縫い,焼殺
影縫い,召雷
影縫い,天雷
影縫い,樹
影縫い,石
影縫い,炎
影縫い,音
影縫い,樹打
影縫い,音波剣
影縫い,音波弾
影縫い,プレス
イド・ブレイク,正拳
イド・ブレイク,裏拳
イド・ブレイク,胴抜き
イド・ブレイク,熊掌打
イド・ブレイク,ボコボコ
イド・ブレイク,鬼走り
イド・ブレイク,アームハンマー
イド・ブレイク,キックラッシュ
イド・ブレイク,コークスクリュー
イド・ブレイク,蹴上がり
イド・ブレイク,三角蹴り
イド・ブレイク,キッチンシンク
イド・ブレイク,三龍旋
イド・ブレイク,切り返し
イド・ブレイク,十字切り
イド・ブレイク,追突剣
イド・ブレイク,払い抜け
イド・ブレイク,かすみ二段
イド・ブレイク,なで斬り
イド・ブレイク,クロスブレイク
イド・ブレイク,みじん斬り
イド・ブレイク,龍尾返し
イド・ブレイク,かぶと割り
イド・ブレイク,天地二段
イド・ブレイク,逆風の太刀
イド・ブレイク,ブルクラッシュ
イド・ブレイク,トマホーク
イド・ブレイク,かかと切り
イド・ブレイク,ハイパーハンマー
イド・ブレイク,大木断
イド・ブレイク,一人時間差
イド・ブレイク,スカルクラッシュ
イド・ブレイク,アクセルターン
イド・ブレイク,夜叉横断
イド・ブレイク,スカイドライヴ
イド・ブレイク,大強撃
イド・ブレイク,ヨーヨー
イド・ブレイク,高速ナブラ
イド・ブレイク,回し打ち
イド・ブレイク,ハートビート
イド・ブレイク,海老殺し
イド・ブレイク,骨砕き
イド・ブレイク,脳天直撃
イド・ブレイク,どら鳴らし
イド・ブレイク,痛打
イド・ブレイク,削岩撃
イド・ブレイク,払い突き
イド・ブレイク,二段突き
イド・ブレイク,草伏せ
イド・ブレイク,チャージ
イド・ブレイク,くし刺し
イド・ブレイク,高波返し
イド・ブレイク,エイミング
イド・ブレイク,スカッシュ
イド・ブレイク,光の腕
イド・ブレイク,極楽連衝
イド・ブレイク,蓮華衝
イド・ブレイク,狙い撃ち
イド・ブレイク,サイドワインダー
イド・ブレイク,針千本
イド・ブレイク,連射
イド・ブレイク,瞬速の矢
イド・ブレイク,ニードルショット
イド・ブレイク,ウッドストック
イド・ブレイク,フレイムナーガ
イド・ブレイク,召雷
イド・ブレイク,樹
イド・ブレイク,樹打
イド・ブレイク,プレス
サイドワインダー,正拳
サイドワインダー,裏拳
サイドワインダー,胴抜き
サイドワインダー,熊掌打
サイドワインダー,ボコボコ
サイドワインダー,キックラッシュ
サイドワインダー,コークスクリュー
サイドワインダー,蹴上がり
サイドワインダー,三角蹴り
サイドワインダー,キッチンシンク
サイドワインダー,切り返し
サイドワインダー,十字切り
サイドワインダー,追突剣
サイドワインダー,払い抜け
サイドワインダー,かすみ二段
サイドワインダー,なで斬り
サイドワインダー,クロスブレイク
サイドワインダー,みじん斬り
サイドワインダー,龍尾返し
サイドワインダー,かぶと割り
サイドワインダー,天地二段
サイドワインダー,逆風の太刀
サイドワインダー,ブルクラッシュ
サイドワインダー,トマホーク
サイドワインダー,かかと切り
サイドワインダー,ハイパーハンマー
サイドワインダー,大木断
サイドワインダー,一人時間差
サイドワインダー,スカルクラッシュ
サイドワインダー,アクセルターン
サイドワインダー,夜叉横断
サイドワインダー,スカイドライヴ
サイドワインダー,大強撃
サイドワインダー,回し打ち
サイドワインダー,ハートビート
サイドワインダー,海老殺し
サイドワインダー,骨砕き
サイドワインダー,脳天直撃
サイドワインダー,どら鳴らし
サイドワインダー,痛打
サイドワインダー,削岩撃
サイドワインダー,払い突き
サイドワインダー,二段突き
サイドワインダー,草伏せ
サイドワインダー,チャージ
サイドワインダー,くし刺し
サイドワインダー,高波返し
サイドワインダー,エイミング
サイドワインダー,スカッシュ
サイドワインダー,光の腕
サイドワインダー,極楽連衝
サイドワインダー,蓮華衝
サイドワインダー,狙い撃ち
サイドワインダー,針千本
サイドワインダー,連射
サイドワインダー,瞬速の矢
サイドワインダー,ニードルショット
サイドワインダー,ウッドストック
サイドワインダー,フレイムナーガ
サイドワインダー,召雷
サイドワインダー,樹
サイドワインダー,樹打
サイドワインダー,プレス
影矢,正拳
影矢,裏拳
影矢,胴抜き
影矢,熊掌打
影矢,ボコボコ
影矢,キックラッシュ
影矢,コークスクリュー
影矢,蹴上がり
影矢,三角蹴り
影矢,キッチンシンク
影矢,断滅
影矢,切り返し
影矢,十字切り
影矢,追突剣
影矢,払い抜け
影矢,スマッシュ
影矢,かすみ二段
影矢,ファイナルレター
影矢,デッドエンド
影矢,なで斬り
影矢,クロスブレイク
影矢,みじん斬り
影矢,龍尾返し
影矢,かぶと割り
影矢,天地二段
影矢,逆風の太刀
影矢,ブルクラッシュ
影矢,ベアクラッシュ
影矢,マルチウェイ
影矢,トマホーク
影矢,かかと切り
影矢,ハイパーハンマー
影矢,大木断
影矢,一人時間差
影矢,スカルクラッシュ
影矢,アクセルターン
影矢,夜叉横断
影矢,大強撃
影矢,スカイランデヴー
影矢,マキ割りトルネード
影矢,回し打ち
影矢,ハートビート
影矢,海老殺し
影矢,骨砕き
影矢,脳天直撃
影矢,どら鳴らし
影矢,痛打
影矢,削岩撃
影矢,かめごうら割り
影矢,からすとうさぎ
影矢,払い突き
影矢,二段突き
影矢,草伏せ
影矢,チャージ
影矢,くし刺し
影矢,高波返し
影矢,エイミング
影矢,スカッシュ
影矢,光の腕
影矢,極楽連衝
影矢,活殺獣閃衝
影矢,蓮華衝
影矢,無双三段
影矢,狙い撃ち
影矢,イド・ブレイク
影矢,針千本
影矢,連射
影矢,瞬速の矢
影矢,水晶のピラミッド
影矢,ニードルショット
影矢,ウッドストック
影矢,フレイムナーガ
影矢,召雷
影矢,樹
影矢,樹打
影矢,プレス
針千本,正拳
針千本,裏拳
針千本,胴抜き
針千本,熊掌打
針千本,ボコボコ
針千本,キックラッシュ
針千本,蹴上がり
針千本,三角蹴り
針千本,キッチンシンク
針千本,追突剣
針千本,払い抜け
針千本,かすみ二段
針千本,なで斬り
針千本,みじん斬り
針千本,かぶと割り
針千本,天地二段
針千本,トマホーク
針千本,かかと切り
針千本,ハイパーハンマー
針千本,大木断
針千本,一人時間差
針千本,スカルクラッシュ
針千本,アクセルターン
針千本,夜叉横断
針千本,スカイドライヴ
針千本,大強撃
針千本,高速ナブラ
針千本,ハートビート
針千本,骨砕き
針千本,脳天直撃
針千本,痛打
針千本,削岩撃
針千本,払い突き
針千本,二段突き
針千本,草伏せ
針千本,くし刺し
針千本,エイミング
針千本,スカッシュ
針千本,光の腕
針千本,極楽連衝
針千本,蓮華衝
針千本,連射
針千本,瞬速の矢
針千本,ウッドストック
針千本,フレイムナーガ
針千本,樹
針千本,樹打
針千本,プレス
連射,裏拳
連射,キッチンシンク
連射,かすみ二段
連射,なで斬り
連射,トマホーク
連射,ハートビート
連射,骨砕き
連射,痛打
瞬速の矢,裏拳
瞬速の矢,キッチンシンク
瞬速の矢,かすみ二段
瞬速の矢,なで斬り
瞬速の矢,トマホーク
瞬速の矢,ハートビート
瞬速の矢,骨砕き
瞬速の矢,痛打
水晶のピラミッド,正拳
水晶のピラミッド,裏拳
水晶のピラミッド,胴抜き
水晶のピラミッド,熊掌打
水晶のピラミッド,ボコボコ
水晶のピラミッド,キックラッシュ
水晶のピラミッド,コークスクリュー
水晶のピラミッド,蹴上がり
水晶のピラミッド,三角蹴り
水晶のピラミッド,キッチンシンク
水晶のピラミッド,切り返し
水晶のピラミッド,十字切り
水晶のピラミッド,追突剣
水晶のピラミッド,払い抜け
水晶のピラミッド,かすみ二段
水晶のピラミッド,なで斬り
水晶のピラミッド,クロスブレイク
水晶のピラミッド,みじん斬り
水晶のピラミッド,龍尾返し
水晶のピラミッド,かぶと割り
水晶のピラミッド,天地二段
水晶のピラミッド,逆風の太刀
水晶のピラミッド,トマホーク
水晶のピラミッド,かかと切り
水晶のピラミッド,ハイパーハンマー
水晶のピラミッド,大木断
水晶のピラミッド,一人時間差
水晶のピラミッド,スカルクラッシュ
水晶のピラミッド,アクセルターン
水晶のピラミッド,夜叉横断
水晶のピラミッド,スカイドライヴ
水晶のピラミッド,大強撃
水晶のピラミッド,高速ナブラ
水晶のピラミッド,回し打ち
水晶のピラミッド,ハートビート
水晶のピラミッド,海老殺し
水晶のピラミッド,骨砕き
水晶のピラミッド,脳天直撃
水晶のピラミッド,どら鳴らし
水晶のピラミッド,痛打
水晶のピラミッド,削岩撃
水晶のピラミッド,払い突き
水晶のピラミッド,二段突き
水晶のピラミッド,草伏せ
水晶のピラミッド,チャージ
水晶のピラミッド,くし刺し
水晶のピラミッド,高波返し
水晶のピラミッド,エイミング
水晶のピラミッド,スカッシュ
水晶のピラミッド,光の腕
水晶のピラミッド,極楽連衝
水晶のピラミッド,蓮華衝
水晶のピラミッド,狙い撃ち
水晶のピラミッド,針千本
水晶のピラミッド,連射
水晶のピラミッド,瞬速の矢
水晶のピラミッド,ニードルショット
水晶のピラミッド,ウッドストック
水晶のピラミッド,フレイムナーガ
水晶のピラミッド,召雷
水晶のピラミッド,樹
水晶のピラミッド,樹打
水晶のピラミッド,プレス
バードハンティング,正拳
バードハンティング,裏拳
バードハンティング,胴抜き
バードハンティング,熊掌打
バードハンティング,ボコボコ
バードハンティング,鬼走り
バードハンティング,爆砕鉄拳
バードハンティング,ハートブレイク
バードハンティング,アームハンマー
バードハンティング,キックラッシュ
バードハンティング,コークスクリュー
バードハンティング,蹴上がり
バードハンティング,三角蹴り
バードハンティング,あびせ倒し
バードハンティング,キッチンシンク
バードハンティング,ローリングサンダー
バードハンティング,呼び戻し
バードハンティング,滝登り
バードハンティング,三龍旋
バードハンティング,カムイ
バードハンティング,断滅
バードハンティング,切り返し
バードハンティング,十字切り
バードハンティング,追突剣
バードハンティング,払い抜け
バードハンティング,スマッシュ
バードハンティング,かすみ二段
バードハンティング,デッドエンド
バードハンティング,なで斬り
バードハンティング,クロスブレイク
バードハンティング,みじん斬り
バードハンティング,龍尾返し
バードハンティング,かぶと割り
バードハンティング,天地二段
バードハンティング,逆風の太刀
バードハンティング,マルチウェイ
バードハンティング,トマホーク
バードハンティング,かかと切り
バードハンティング,ハイパーハンマー
バードハンティング,大木断
バードハンティング,一人時間差
バードハンティング,スカルクラッシュ
バードハンティング,アクセルターン
バードハンティング,夜叉横断
バードハンティング,スカイドライヴ
バードハンティング,大強撃
バードハンティング,ヨーヨー
バードハンティング,高速ナブラ
バードハンティング,スカイランデヴー
バードハンティング,マキ割りトルネード
バードハンティング,回し打ち
バードハンティング,ハートビート
バードハンティング,海老殺し
バードハンティング,骨砕き
バードハンティング,脳天直撃
バードハンティング,どら鳴らし
バードハンティング,痛打
バードハンティング,削岩撃
バードハンティング,払い突き
バードハンティング,二段突き
バードハンティング,草伏せ
バードハンティング,チャージ
バードハンティング,くし刺し
バードハンティング,高波返し
バードハンティング,スウィング
バードハンティング,脳削り
バードハンティング,エイミング
バードハンティング,スカッシュ
バードハンティング,光の腕
バードハンティング,極楽連衝
バードハンティング,活殺獣閃衝
バードハンティング,蓮華衝
バードハンティング,無双三段
バードハンティング,狙い撃ち
バードハンティング,イド・ブレイク
バードハンティング,サイドワインダー
バードハンティング,影矢
バードハンティング,針千本
バードハンティング,連射
バードハンティング,瞬速の矢
バードハンティング,ウッドストック
バードハンティング,ウォーターハンマー
バードハンティング,フレイムナーガ
バードハンティング,召雷
バードハンティング,天雷
バードハンティング,樹
バードハンティング,樹打
バードハンティング,プレス
毒矢,正拳
毒矢,裏拳
毒矢,胴抜き
毒矢,熊掌打
毒矢,ボコボコ
毒矢,鬼走り
毒矢,爆砕鉄拳
毒矢,ハートブレイク
毒矢,アームハンマー
毒矢,キックラッシュ
毒矢,コークスクリュー
毒矢,蹴上がり
毒矢,三角蹴り
毒矢,あびせ倒し
毒矢,キッチンシンク
毒矢,ローリングサンダー
毒矢,呼び戻し
毒矢,滝登り
毒矢,三龍旋
毒矢,カムイ
毒矢,断滅
毒矢,切り返し
毒矢,十字切り
毒矢,追突剣
毒矢,払い抜け
毒矢,スマッシュ
毒矢,かすみ二段
毒矢,デッドエンド
毒矢,なで斬り
毒矢,クロスブレイク
毒矢,みじん斬り
毒矢,龍尾返し
毒矢,かぶと割り
毒矢,天地二段
毒矢,逆風の太刀
毒矢,マルチウェイ
毒矢,トマホーク
毒矢,かかと切り
毒矢,ハイパーハンマー
毒矢,大木断
毒矢,一人時間差
毒矢,スカルクラッシュ
毒矢,アクセルターン
毒矢,夜叉横断
毒矢,スカイドライヴ
毒矢,大強撃
毒矢,ヨーヨー
毒矢,高速ナブラ
毒矢,スカイランデヴー
毒矢,マキ割りトルネード
毒矢,回し打ち
毒矢,ハートビート
毒矢,海老殺し
毒矢,骨砕き
毒矢,脳天直撃
毒矢,どら鳴らし
毒矢,痛打
毒矢,削岩撃
毒矢,払い突き
毒矢,二段突き
毒矢,草伏せ
毒矢,チャージ
毒矢,くし刺し
毒矢,高波返し
毒矢,スウィング
毒矢,脳削り
毒矢,エイミング
毒矢,スカッシュ
毒矢,光の腕
毒矢,極楽連衝
毒矢,活殺獣閃衝
毒矢,蓮華衝
毒矢,無双三段
毒矢,狙い撃ち
毒矢,イド・ブレイク
毒矢,サイドワインダー
毒矢,影矢
毒矢,針千本
毒矢,連射
毒矢,瞬速の矢
毒矢,ウッドストック
毒矢,フレイムナーガ
毒矢,焼殺
毒矢,召雷
毒矢,天雷
毒矢,樹
毒矢,石
毒矢,樹打
毒矢,石斧断
毒矢,プレス
死ね矢,正拳
死ね矢,裏拳
死ね矢,胴抜き
死ね矢,熊掌打
死ね矢,ボコボコ
死ね矢,鬼走り
死ね矢,爆砕鉄拳
死ね矢,ハートブレイク
死ね矢,アームハンマー
死ね矢,キックラッシュ
死ね矢,コークスクリュー
死ね矢,蹴上がり
死ね矢,三角蹴り
死ね矢,あびせ倒し
死ね矢,キッチンシンク
死ね矢,ローリングサンダー
死ね矢,呼び戻し
死ね矢,滝登り
死ね矢,三龍旋
死ね矢,カムイ
死ね矢,断滅
死ね矢,切り返し
死ね矢,十字切り
死ね矢,追突剣
死ね矢,払い抜け
死ね矢,スマッシュ
死ね矢,かすみ二段
死ね矢,デッドエンド
死ね矢,なで斬り
死ね矢,クロスブレイク
死ね矢,みじん斬り
死ね矢,龍尾返し
死ね矢,かぶと割り
死ね矢,天地二段
死ね矢,逆風の太刀
死ね矢,マルチウェイ
死ね矢,トマホーク
死ね矢,かかと切り
死ね矢,ハイパーハンマー
死ね矢,大木断
死ね矢,一人時間差
死ね矢,スカルクラッシュ
死ね矢,アクセルターン
死ね矢,夜叉横断
死ね矢,スカイドライヴ
死ね矢,大強撃
死ね矢,ヨーヨー
死ね矢,高速ナブラ
死ね矢,スカイランデヴー
死ね矢,マキ割りトルネード
死ね矢,回し打ち
死ね矢,ハートビート
死ね矢,海老殺し
死ね矢,骨砕き
死ね矢,脳天直撃
死ね矢,どら鳴らし
死ね矢,痛打
死ね矢,削岩撃
死ね矢,払い突き
死ね矢,二段突き
死ね矢,草伏せ
死ね矢,チャージ
死ね矢,くし刺し
死ね矢,高波返し
死ね矢,スウィング
死ね矢,脳削り
死ね矢,エイミング
死ね矢,スカッシュ
死ね矢,光の腕
死ね矢,極楽連衝
死ね矢,活殺獣閃衝
死ね矢,蓮華衝
死ね矢,無双三段
死ね矢,狙い撃ち
死ね矢,イド・ブレイク
死ね矢,サイドワインダー
死ね矢,影矢
死ね矢,針千本
死ね矢,連射
死ね矢,瞬速の矢
死ね矢,ウッドストック
死ね矢,ウォーターハンマー
死ね矢,フレイムナーガ
死ね矢,召雷
死ね矢,天雷
死ね矢,樹
死ね矢,樹打
死ね矢,プレス
光の矢,正拳
光の矢,裏拳
光の矢,胴抜き
光の矢,熊掌打
光の矢,ボコボコ
光の矢,鬼走り
光の矢,爆砕鉄拳
光の矢,ハートブレイク
光の矢,アームハンマー
光の矢,キックラッシュ
光の矢,コークスクリュー
光の矢,蹴上がり
光の矢,三角蹴り
光の矢,あびせ倒し
光の矢,キッチンシンク
光の矢,ローリングサンダー
光の矢,呼び戻し
光の矢,滝登り
光の矢,三龍旋
光の矢,カムイ
光の矢,断滅
光の矢,切り返し
光の矢,十字切り
光の矢,追突剣
光の矢,払い抜け
光の矢,スマッシュ
光の矢,かすみ二段
光の矢,デッドエンド
光の矢,なで斬り
光の矢,クロスブレイク
光の矢,みじん斬り
光の矢,龍尾返し
光の矢,かぶと割り
光の矢,天地二段
光の矢,逆風の太刀
光の矢,マルチウェイ
光の矢,トマホーク
光の矢,かかと切り
光の矢,ハイパーハンマー
光の矢,大木断
光の矢,一人時間差
光の矢,スカルクラッシュ
光の矢,アクセルターン
光の矢,夜叉横断
光の矢,スカイドライヴ
光の矢,大強撃
光の矢,ヨーヨー
光の矢,高速ナブラ
光の矢,スカイランデヴー
光の矢,マキ割りトルネード
光の矢,回し打ち
光の矢,ハートビート
光の矢,海老殺し
光の矢,骨砕き
光の矢,脳天直撃
光の矢,どら鳴らし
光の矢,痛打
光の矢,削岩撃
光の矢,払い突き
光の矢,二段突き
光の矢,草伏せ
光の矢,チャージ
光の矢,くし刺し
光の矢,高波返し
光の矢,スウィング
光の矢,脳削り
光の矢,エイミング
光の矢,スカッシュ
光の矢,光の腕
光の矢,極楽連衝
光の矢,活殺獣閃衝
光の矢,蓮華衝
光の矢,無双三段
光の矢,狙い撃ち
光の矢,イド・ブレイク
光の矢,サイドワインダー
光の矢,影矢
光の矢,針千本
光の矢,連射
光の矢,瞬速の矢
光の矢,ウッドストック
光の矢,ウォーターハンマー
光の矢,フレイムナーガ
光の矢,召雷
光の矢,天雷
光の矢,樹
光の矢,樹打
光の矢,プレス
ウインドブレーカー,正拳
ウインドブレーカー,裏拳
ウインドブレーカー,胴抜き
ウインドブレーカー,熊掌打
ウインドブレーカー,ボコボコ
ウインドブレーカー,鬼走り
ウインドブレーカー,アームハンマー
ウインドブレーカー,キックラッシュ
ウインドブレーカー,蹴上がり
ウインドブレーカー,三角蹴り
ウインドブレーカー,キッチンシンク
ウインドブレーカー,三龍旋
ウインドブレーカー,切り返し
ウインドブレーカー,十字切り
ウインドブレーカー,追突剣
ウインドブレーカー,払い抜け
ウインドブレーカー,かすみ二段
ウインドブレーカー,なで斬り
ウインドブレーカー,みじん斬り
ウインドブレーカー,龍尾返し
ウインドブレーカー,かぶと割り
ウインドブレーカー,天地二段
ウインドブレーカー,逆風の太刀
ウインドブレーカー,トマホーク
ウインドブレーカー,かかと切り
ウインドブレーカー,ハイパーハンマー
ウインドブレーカー,大木断
ウインドブレーカー,一人時間差
ウインドブレーカー,スカルクラッシュ
ウインドブレーカー,アクセルターン
ウインドブレーカー,夜叉横断
ウインドブレーカー,スカイドライヴ
ウインドブレーカー,大強撃
ウインドブレーカー,ヨーヨー
ウインドブレーカー,高速ナブラ
ウインドブレーカー,回し打ち
ウインドブレーカー,ハートビート
ウインドブレーカー,海老殺し
ウインドブレーカー,骨砕き
ウインドブレーカー,脳天直撃
ウインドブレーカー,どら鳴らし
ウインドブレーカー,痛打
ウインドブレーカー,削岩撃
ウインドブレーカー,払い突き
ウインドブレーカー,二段突き
ウインドブレーカー,草伏せ
ウインドブレーカー,チャージ
ウインドブレーカー,くし刺し
ウインドブレーカー,高波返し
ウインドブレーカー,エイミング
ウインドブレーカー,スカッシュ
ウインドブレーカー,光の腕
ウインドブレーカー,極楽連衝
ウインドブレーカー,蓮華衝
ウインドブレーカー,サイドワインダー
ウインドブレーカー,連射
ウインドブレーカー,瞬速の矢
ウインドブレーカー,ニードルショット
ウインドブレーカー,ウッドストック
ウインドブレーカー,フレイムナーガ
ウインドブレーカー,樹
ウインドブレーカー,樹打
ウインドブレーカー,プレス
イヅナ,正拳
イヅナ,裏拳
イヅナ,胴抜き
イヅナ,熊掌打
イヅナ,ボコボコ
イヅナ,鬼走り
イヅナ,爆砕鉄拳
イヅナ,ハートブレイク
イヅナ,アームハンマー
イヅナ,キックラッシュ
イヅナ,コークスクリュー
イヅナ,蹴上がり
イヅナ,三角蹴り
イヅナ,あびせ倒し
イヅナ,キッチンシンク
イヅナ,ローリングサンダー
イヅナ,呼び戻し
イヅナ,滝登り
イヅナ,三龍旋
イヅナ,カムイ
イヅナ,断滅
イヅナ,切り返し
イヅナ,十字切り
イヅナ,追突剣
イヅナ,払い抜け
イヅナ,スマッシュ
イヅナ,かすみ二段
イヅナ,デッドエンド
イヅナ,なで斬り
イヅナ,クロスブレイク
イヅナ,みじん斬り
イヅナ,龍尾返し
イヅナ,かぶと割り
イヅナ,天地二段
イヅナ,逆風の太刀
イヅナ,トマホーク
イヅナ,かかと切り
イヅナ,ハイパーハンマー
イヅナ,大木断
イヅナ,一人時間差
イヅナ,スカルクラッシュ
イヅナ,アクセルターン
イヅナ,夜叉横断
イヅナ,スカイドライヴ
イヅナ,大強撃
イヅナ,ヨーヨー
イヅナ,高速ナブラ
イヅナ,スカイランデヴー
イヅナ,マキ割りトルネード
イヅナ,回し打ち
イヅナ,ハートビート
イヅナ,海老殺し
イヅナ,骨砕き
イヅナ,脳天直撃
イヅナ,どら鳴らし
イヅナ,痛打
イヅナ,削岩撃
イヅナ,払い突き
イヅナ,二段突き
イヅナ,草伏せ
イヅナ,チャージ
イヅナ,くし刺し
イヅナ,高波返し
イヅナ,スウィング
イヅナ,脳削り
イヅナ,エイミング
イヅナ,スカッシュ
イヅナ,光の腕
イヅナ,極楽連衝
イヅナ,活殺獣閃衝
イヅナ,蓮華衝
イヅナ,無双三段
イヅナ,狙い撃ち
イヅナ,イド・ブレイク
イヅナ,サイドワインダー
イヅナ,影矢
イヅナ,針千本
イヅナ,連射
イヅナ,瞬速の矢
イヅナ,ウッドストック
イヅナ,フレイムナーガ
イヅナ,樹
イヅナ,樹打
イヅナ,プレス
ゴッドバード,正拳
ゴッドバード,裏拳
ゴッドバード,胴抜き
ゴッドバード,熊掌打
ゴッドバード,ボコボコ
ゴッドバード,鬼走り
ゴッドバード,爆砕鉄拳
ゴッドバード,ハートブレイク
ゴッドバード,アームハンマー
ゴッドバード,キックラッシュ
ゴッドバード,コークスクリュー
ゴッドバード,蹴上がり
ゴッドバード,三角蹴り
ゴッドバード,あびせ倒し
ゴッドバード,キッチンシンク
ゴッドバード,ローリングサンダー
ゴッドバード,呼び戻し
ゴッドバード,滝登り
ゴッドバード,三龍旋
ゴッドバード,カムイ
ゴッドバード,断滅
ゴッドバード,切り返し
ゴッドバード,十字切り
ゴッドバード,追突剣
ゴッドバード,払い抜け
ゴッドバード,スマッシュ
ゴッドバード,かすみ二段
ゴッドバード,デッドエンド
ゴッドバード,なで斬り
ゴッドバード,クロスブレイク
ゴッドバード,みじん斬り
ゴッドバード,龍尾返し
ゴッドバード,かぶと割り
ゴッドバード,天地二段
ゴッドバード,逆風の太刀
ゴッドバード,トマホーク
ゴッドバード,かかと切り
ゴッドバード,ハイパーハンマー
ゴッドバード,大木断
ゴッドバード,一人時間差
ゴッドバード,スカルクラッシュ
ゴッドバード,アクセルターン
ゴッドバード,夜叉横断
ゴッドバード,スカイドライヴ
ゴッドバード,大強撃
ゴッドバード,ヨーヨー
ゴッドバード,高速ナブラ
ゴッドバード,スカイランデヴー
ゴッドバード,マキ割りトルネード
ゴッドバード,回し打ち
ゴッドバード,ハートビート
ゴッドバード,海老殺し
ゴッドバード,骨砕き
ゴッドバード,脳天直撃
ゴッドバード,どら鳴らし
ゴッドバード,痛打
ゴッドバード,削岩撃
ゴッドバード,払い突き
ゴッドバード,二段突き
ゴッドバード,草伏せ
ゴッドバード,チャージ
ゴッドバード,くし刺し
ゴッドバード,高波返し
ゴッドバード,スウィング
ゴッドバード,脳削り
ゴッドバード,エイミング
ゴッドバード,スカッシュ
ゴッドバード,光の腕
ゴッドバード,極楽連衝
ゴッドバード,活殺獣閃衝
ゴッドバード,蓮華衝
ゴッドバード,無双三段
ゴッドバード,狙い撃ち
ゴッドバード,イド・ブレイク
ゴッドバード,サイドワインダー
ゴッドバード,影矢
ゴッドバード,針千本
ゴッドバード,連射
ゴッドバード,瞬速の矢
ゴッドバード,ウッドストック
ゴッドバード,ウォーターハンマー
ゴッドバード,フレイムナーガ
ゴッドバード,召雷
ゴッドバード,天雷
ゴッドバード,樹
ゴッドバード,樹打
ゴッドバード,プレス
ニードルショット,正拳
ニードルショット,裏拳
ニードルショット,胴抜き
ニードルショット,熊掌打
ニードルショット,ボコボコ
ニードルショット,鬼走り
ニードルショット,爆砕鉄拳
ニードルショット,ハートブレイク
ニードルショット,アームハンマー
ニードルショット,キックラッシュ
ニードルショット,コークスクリュー
ニードルショット,蹴上がり
ニードルショット,三角蹴り
ニードルショット,あびせ倒し
ニードルショット,キッチンシンク
ニードルショット,ローリングサンダー
ニードルショット,呼び戻し
ニードルショット,滝登り
ニードルショット,三龍旋
ニードルショット,カムイ
ニードルショット,断滅
ニードルショット,切り返し
ニードルショット,十字切り
ニードルショット,追突剣
ニードルショット,払い抜け
ニードルショット,スマッシュ
ニードルショット,かすみ二段
ニードルショット,デッドエンド
ニードルショット,なで斬り
ニードルショット,クロスブレイク
ニードルショット,みじん斬り
ニードルショット,龍尾返し
ニードルショット,かぶと割り
ニードルショット,天地二段
ニードルショット,逆風の太刀
ニードルショット,マルチウェイ
ニードルショット,トマホーク
ニードルショット,かかと切り
ニードルショット,ハイパーハンマー
ニードルショット,大木断
ニードルショット,一人時間差
ニードルショット,スカルクラッシュ
ニードルショット,アクセルターン
ニードルショット,夜叉横断
ニードルショット,スカイドライヴ
ニードルショット,大強撃
ニードルショット,ヨーヨー
ニードルショット,高速ナブラ
ニードルショット,スカイランデヴー
ニードルショット,マキ割りトルネード
ニードルショット,回し打ち
ニードルショット,ハートビート
ニードルショット,海老殺し
ニードルショット,骨砕き
ニードルショット,脳天直撃
ニードルショット,どら鳴らし
ニードルショット,痛打
ニードルショット,削岩撃
ニードルショット,払い突き
ニードルショット,二段突き
ニードルショット,草伏せ
ニードルショット,チャージ
ニードルショット,くし刺し
ニードルショット,高波返し
ニードルショット,スウィング
ニードルショット,脳削り
ニードルショット,エイミング
ニードルショット,スカッシュ
ニードルショット,光の腕
ニードルショット,極楽連衝
ニードルショット,活殺獣閃衝
ニードルショット,蓮華衝
ニードルショット,無双三段
ニードルショット,狙い撃ち
ニードルショット,イド・ブレイク
ニードルショット,サイドワインダー
ニードルショット,影矢
ニードルショット,針千本
ニードルショット,連射
ニードルショット,瞬速の矢
ニードルショット,ウッドストック
ニードルショット,フレイムナーガ
ニードルショット,樹
ニードルショット,樹打
ニードルショット,プレス
ブッシュファイア,正拳
ブッシュファイア,裏拳
ブッシュファイア,胴抜き
ブッシュファイア,熊掌打
ブッシュファイア,ボコボコ
ブッシュファイア,鬼走り
ブッシュファイア,爆砕鉄拳
ブッシュファイア,ハートブレイク
ブッシュファイア,アームハンマー
ブッシュファイア,キックラッシュ
ブッシュファイア,コークスクリュー
ブッシュファイア,蹴上がり
ブッシュファイア,三角蹴り
ブッシュファイア,あびせ倒し
ブッシュファイア,キッチンシンク
ブッシュファイア,ローリングサンダー
ブッシュファイア,呼び戻し
ブッシュファイア,滝登り
ブッシュファイア,三龍旋
ブッシュファイア,カムイ
ブッシュファイア,断滅
ブッシュファイア,切り返し
ブッシュファイア,十字切り
ブッシュファイア,追突剣
ブッシュファイア,払い抜け
ブッシュファイア,スマッシュ
ブッシュファイア,かすみ二段
ブッシュファイア,ファイナルレター
ブッシュファイア,デッドエンド
ブッシュファイア,なで斬り
ブッシュファイア,クロスブレイク
ブッシュファイア,みじん斬り
ブッシュファイア,龍尾返し
ブッシュファイア,かぶと割り
ブッシュファイア,天地二段
ブッシュファイア,逆風の太刀
ブッシュファイア,ブルクラッシュ
ブッシュファイア,ベアクラッシュ
ブッシュファイア,マルチウェイ
ブッシュファイア,トマホーク
ブッシュファイア,かかと切り
ブッシュファイア,ハイパーハンマー
ブッシュファイア,大木断
ブッシュファイア,一人時間差
ブッシュファイア,スカルクラッシュ
ブッシュファイア,アクセルターン
ブッシュファイア,夜叉横断
ブッシュファイア,スカイドライヴ
ブッシュファイア,大強撃
ブッシュファイア,ヨーヨー
ブッシュファイア,高速ナブラ
ブッシュファイア,スカイランデヴー
ブッシュファイア,マキ割りトルネード
ブッシュファイア,回し打ち
ブッシュファイア,ハートビート
ブッシュファイア,海老殺し
ブッシュファイア,骨砕き
ブッシュファイア,脳天直撃
ブッシュファイア,どら鳴らし
ブッシュファイア,痛打
ブッシュファイア,削岩撃
ブッシュファイア,かめごうら割り
ブッシュファイア,からすとうさぎ
ブッシュファイア,払い突き
ブッシュファイア,二段突き
ブッシュファイア,草伏せ
ブッシュファイア,チャージ
ブッシュファイア,くし刺し
ブッシュファイア,高波返し
ブッシュファイア,スウィング
ブッシュファイア,脳削り
ブッシュファイア,エイミング
ブッシュファイア,スカッシュ
ブッシュファイア,光の腕
ブッシュファイア,極楽連衝
ブッシュファイア,活殺獣閃衝
ブッシュファイア,蓮華衝
ブッシュファイア,無双三段
ブッシュファイア,狙い撃ち
ブッシュファイア,イド・ブレイク
ブッシュファイア,サイドワインダー
ブッシュファイア,影矢
ブッシュファイア,針千本
ブッシュファイア,連射
ブッシュファイア,瞬速の矢
ブッシュファイア,水晶のピラミッド
ブッシュファイア,ニードルショット
ブッシュファイア,ウッドストック
ブッシュファイア,ウォーターハンマー
ブッシュファイア,焼殺
ブッシュファイア,召雷
ブッシュファイア,天雷
ブッシュファイア,樹
ブッシュファイア,石
ブッシュファイア,炎
ブッシュファイア,音
ブッシュファイア,音波剣
ウッドストック,正拳
ウッドストック,裏拳
ウッドストック,胴抜き
ウッドストック,熊掌打
ウッドストック,ボコボコ
ウッドストック,鬼走り
ウッドストック,爆砕鉄拳
ウッドストック,ハートブレイク
ウッドストック,アームハンマー
ウッドストック,キックラッシュ
ウッドストック,コークスクリュー
ウッドストック,蹴上がり
ウッドストック,三角蹴り
ウッドストック,あびせ倒し
ウッドストック,キッチンシンク
ウッドストック,ローリングサンダー
ウッドストック,呼び戻し
ウッドストック,滝登り
ウッドストック,三龍旋
ウッドストック,カムイ
ウッドストック,断滅
ウッドストック,切り返し
ウッドストック,十字切り
ウッドストック,追突剣
ウッドストック,払い抜け
ウッドストック,スマッシュ
ウッドストック,かすみ二段
ウッドストック,デッドエンド
ウッドストック,なで斬り
ウッドストック,クロスブレイク
ウッドストック,みじん斬り
ウッドストック,龍尾返し
ウッドストック,かぶと割り
ウッドストック,天地二段
ウッドストック,逆風の太刀
ウッドストック,マルチウェイ
ウッドストック,トマホーク
ウッドストック,かかと切り
ウッドストック,ハイパーハンマー
ウッドストック,大木断
ウッドストック,一人時間差
ウッドストック,スカルクラッシュ
ウッドストック,アクセルターン
ウッドストック,夜叉横断
ウッドストック,スカイドライヴ
ウッドストック,大強撃
ウッドストック,ヨーヨー
ウッドストック,高速ナブラ
ウッドストック,スカイランデヴー
ウッドストック,マキ割りトルネード
ウッドストック,回し打ち
ウッドストック,ハートビート
ウッドストック,海老殺し
ウッドストック,骨砕き
ウッドストック,脳天直撃
ウッドストック,どら鳴らし
ウッドストック,痛打
ウッドストック,削岩撃
ウッドストック,払い突き
ウッドストック,二段突き
ウッドストック,草伏せ
ウッドストック,チャージ
ウッドストック,くし刺し
ウッドストック,高波返し
ウッドストック,スウィング
ウッドストック,脳削り
ウッドストック,エイミング
ウッドストック,スカッシュ
ウッドストック,光の腕
ウッドストック,極楽連衝
ウッドストック,活殺獣閃衝
ウッドストック,蓮華衝
ウッドストック,無双三段
ウッドストック,狙い撃ち
ウッドストック,イド・ブレイク
ウッドストック,サイドワインダー
ウッドストック,影矢
ウッドストック,針千本
ウッドストック,連射
ウッドストック,瞬速の矢
ウッドストック,ニードルショット
ウッドストック,召雷
スリープ,正拳
スリープ,裏拳
スリープ,胴抜き
スリープ,熊掌打
スリープ,ボコボコ
スリープ,鬼走り
スリープ,爆砕鉄拳
スリープ,ハートブレイク
スリープ,アームハンマー
スリープ,キックラッシュ
スリープ,コークスクリュー
スリープ,蹴上がり
スリープ,三角蹴り
スリープ,あびせ倒し
スリープ,キッチンシンク
スリープ,ローリングサンダー
スリープ,呼び戻し
スリープ,滝登り
スリープ,三龍旋
スリープ,カムイ
スリープ,断滅
スリープ,切り返し
スリープ,十字切り
スリープ,追突剣
スリープ,払い抜け
スリープ,スマッシュ
スリープ,かすみ二段
スリープ,デッドエンド
スリープ,なで斬り
スリープ,クロスブレイク
スリープ,みじん斬り
スリープ,龍尾返し
スリープ,かぶと割り
スリープ,天地二段
スリープ,逆風の太刀
スリープ,マルチウェイ
スリープ,トマホーク
スリープ,かかと切り
スリープ,ハイパーハンマー
スリープ,大木断
スリープ,一人時間差
スリープ,スカルクラッシュ
スリープ,アクセルターン
スリープ,夜叉横断
スリープ,スカイドライヴ
スリープ,大強撃
スリープ,ヨーヨー
スリープ,高速ナブラ
スリープ,スカイランデヴー
スリープ,マキ割りトルネード
スリープ,回し打ち
スリープ,ハートビート
スリープ,海老殺し
スリープ,骨砕き
スリープ,脳天直撃
スリープ,どら鳴らし
スリープ,痛打
スリープ,削岩撃
スリープ,払い突き
スリープ,二段突き
スリープ,草伏せ
スリープ,チャージ
スリープ,くし刺し
スリープ,高波返し
スリープ,スウィング
スリープ,脳削り
スリープ,エイミング
スリープ,スカッシュ
スリープ,光の腕
スリープ,極楽連衝
スリープ,活殺獣閃衝
スリープ,蓮華衝
スリープ,無双三段
スリープ,狙い撃ち
スリープ,イド・ブレイク
スリープ,サイドワインダー
スリープ,影矢
スリープ,針千本
スリープ,連射
スリープ,瞬速の矢
スリープ,ニードルショット
スリープ,召雷
風と樹のうた,正拳
風と樹のうた,裏拳
風と樹のうた,胴抜き
風と樹のうた,熊掌打
風と樹のうた,ボコボコ
風と樹のうた,鬼走り
風と樹のうた,爆砕鉄拳
風と樹のうた,ハートブレイク
風と樹のうた,アームハンマー
風と樹のうた,キックラッシュ
風と樹のうた,コークスクリュー
風と樹のうた,蹴上がり
風と樹のうた,三角蹴り
風と樹のうた,あびせ倒し
風と樹のうた,キッチンシンク
風と樹のうた,ローリングサンダー
風と樹のうた,呼び戻し
風と樹のうた,滝登り
風と樹のうた,三龍旋
風と樹のうた,カムイ
風と樹のうた,断滅
風と樹のうた,切り返し
風と樹のうた,十字切り
風と樹のうた,追突剣
風と樹のうた,払い抜け
風と樹のうた,スマッシュ
風と樹のうた,かすみ二段
風と樹のうた,ファイナルレター
風と樹のうた,デッドエンド
風と樹のうた,なで斬り
風と樹のうた,クロスブレイク
風と樹のうた,みじん斬り
風と樹のうた,龍尾返し
風と樹のうた,かぶと割り
風と樹のうた,天地二段
風と樹のうた,逆風の太刀
風と樹のうた,ブルクラッシュ
風と樹のうた,ベアクラッシュ
風と樹のうた,マルチウェイ
風と樹のうた,トマホーク
風と樹のうた,かかと切り
風と樹のうた,ハイパーハンマー
風と樹のうた,大木断
風と樹のうた,一人時間差
風と樹のうた,スカルクラッシュ
風と樹のうた,アクセルターン
風と樹のうた,夜叉横断
風と樹のうた,スカイドライヴ
風と樹のうた,大強撃
風と樹のうた,ヨーヨー
風と樹のうた,高速ナブラ
風と樹のうた,スカイランデヴー
風と樹のうた,マキ割りトルネード
風と樹のうた,回し打ち
風と樹のうた,ハートビート
風と樹のうた,海老殺し
風と樹のうた,骨砕き
風と樹のうた,脳天直撃
風と樹のうた,どら鳴らし
風と樹のうた,痛打
風と樹のうた,削岩撃
風と樹のうた,かめごうら割り
風と樹のうた,からすとうさぎ
風と樹のうた,払い突き
風と樹のうた,二段突き
風と樹のうた,草伏せ
風と樹のうた,チャージ
風と樹のうた,くし刺し
風と樹のうた,高波返し
風と樹のうた,スウィング
風と樹のうた,脳削り
風と樹のうた,エイミング
風と樹のうた,スカッシュ
風と樹のうた,光の腕
風と樹のうた,極楽連衝
風と樹のうた,活殺獣閃衝
風と樹のうた,蓮華衝
風と樹のうた,無双三段
風と樹のうた,狙い撃ち
風と樹のうた,イド・ブレイク
風と樹のうた,サイドワインダー
風と樹のうた,影矢
風と樹のうた,針千本
風と樹のうた,連射
風と樹のうた,瞬速の矢
風と樹のうた,水晶のピラミッド
風と樹のうた,ニードルショット
風と樹のうた,召雷
マグマプロージョン,正拳
マグマプロージョン,裏拳
マグマプロージョン,胴抜き
マグマプロージョン,熊掌打
マグマプロージョン,ボコボコ
マグマプロージョン,鬼走り
マグマプロージョン,爆砕鉄拳
マグマプロージョン,ハートブレイク
マグマプロージョン,アームハンマー
マグマプロージョン,キックラッシュ
マグマプロージョン,コークスクリュー
マグマプロージョン,蹴上がり
マグマプロージョン,三角蹴り
マグマプロージョン,あびせ倒し
マグマプロージョン,キッチンシンク
マグマプロージョン,ローリングサンダー
マグマプロージョン,呼び戻し
マグマプロージョン,滝登り
マグマプロージョン,三龍旋
マグマプロージョン,カムイ
マグマプロージョン,断滅
マグマプロージョン,切り返し
マグマプロージョン,十字切り
マグマプロージョン,追突剣
マグマプロージョン,払い抜け
マグマプロージョン,スマッシュ
マグマプロージョン,かすみ二段
マグマプロージョン,デッドエンド
マグマプロージョン,なで斬り
マグマプロージョン,クロスブレイク
マグマプロージョン,みじん斬り
マグマプロージョン,龍尾返し
マグマプロージョン,かぶと割り
マグマプロージョン,天地二段
マグマプロージョン,逆風の太刀
マグマプロージョン,マルチウェイ
マグマプロージョン,トマホーク
マグマプロージョン,かかと切り
マグマプロージョン,ハイパーハンマー
マグマプロージョン,大木断
マグマプロージョン,一人時間差
マグマプロージョン,スカルクラッシュ
マグマプロージョン,アクセルターン
マグマプロージョン,夜叉横断
マグマプロージョン,スカイドライヴ
マグマプロージョン,大強撃
マグマプロージョン,ヨーヨー
マグマプロージョン,高速ナブラ
マグマプロージョン,スカイランデヴー
マグマプロージョン,マキ割りトルネード
マグマプロージョン,回し打ち
マグマプロージョン,ハートビート
マグマプロージョン,海老殺し
マグマプロージョン,骨砕き
マグマプロージョン,脳天直撃
マグマプロージョン,どら鳴らし
マグマプロージョン,痛打
マグマプロージョン,削岩撃
マグマプロージョン,払い突き
マグマプロージョン,二段突き
マグマプロージョン,草伏せ
マグマプロージョン,チャージ
マグマプロージョン,くし刺し
マグマプロージョン,高波返し
マグマプロージョン,スウィング
マグマプロージョン,脳削り
マグマプロージョン,エイミング
マグマプロージョン,スカッシュ
マグマプロージョン,光の腕
マグマプロージョン,極楽連衝
マグマプロージョン,活殺獣閃衝
マグマプロージョン,蓮華衝
マグマプロージョン,無双三段
マグマプロージョン,狙い撃ち
マグマプロージョン,イド・ブレイク
マグマプロージョン,サイドワインダー
マグマプロージョン,影矢
マグマプロージョン,針千本
マグマプロージョン,連射
マグマプロージョン,瞬速の矢
マグマプロージョン,ニードルショット
マグマプロージョン,ウッドストック
マグマプロージョン,ウォーターハンマー
マグマプロージョン,焼殺
マグマプロージョン,召雷
マグマプロージョン,天雷
マグマプロージョン,樹
マグマプロージョン,石
マグマプロージョン,炎
マグマプロージョン,音
マグマプロージョン,音波剣
ウォーターハンマー,正拳
ウォーターハンマー,裏拳
ウォーターハンマー,胴抜き
ウォーターハンマー,熊掌打
ウォーターハンマー,ボコボコ
ウォーターハンマー,鬼走り
ウォーターハンマー,爆砕鉄拳
ウォーターハンマー,ハートブレイク
ウォーターハンマー,アームハンマー
ウォーターハンマー,キックラッシュ
ウォーターハンマー,コークスクリュー
ウォーターハンマー,蹴上がり
ウォーターハンマー,三角蹴り
ウォーターハンマー,あびせ倒し
ウォーターハンマー,キッチンシンク
ウォーターハンマー,ローリングサンダー
ウォーターハンマー,呼び戻し
ウォーターハンマー,滝登り
ウォーターハンマー,三龍旋
ウォーターハンマー,カムイ
ウォーターハンマー,断滅
ウォーターハンマー,切り返し
ウォーターハンマー,十字切り
ウォーターハンマー,追突剣
ウォーターハンマー,払い抜け
ウォーターハンマー,スマッシュ
ウォーターハンマー,かすみ二段
ウォーターハンマー,デッドエンド
ウォーターハンマー,なで斬り
ウォーターハンマー,クロスブレイク
ウォーターハンマー,みじん斬り
ウォーターハンマー,龍尾返し
ウォーターハンマー,かぶと割り
ウォーターハンマー,天地二段
ウォーターハンマー,逆風の太刀
ウォーターハンマー,マルチウェイ
ウォーターハンマー,トマホーク
ウォーターハンマー,かかと切り
ウォーターハンマー,ハイパーハンマー
ウォーターハンマー,大木断
ウォーターハンマー,一人時間差
ウォーターハンマー,スカルクラッシュ
ウォーターハンマー,アクセルターン
ウォーターハンマー,夜叉横断
ウォーターハンマー,スカイドライヴ
ウォーターハンマー,大強撃
ウォーターハンマー,ヨーヨー
ウォーターハンマー,高速ナブラ
ウォーターハンマー,スカイランデヴー
ウォーターハンマー,マキ割りトルネード
ウォーターハンマー,回し打ち
ウォーターハンマー,ハートビート
ウォーターハンマー,海老殺し
ウォーターハンマー,骨砕き
ウォーターハンマー,脳天直撃
ウォーターハンマー,どら鳴らし
ウォーターハンマー,痛打
ウォーターハンマー,削岩撃
ウォーターハンマー,払い突き
ウォーターハンマー,二段突き
ウォーターハンマー,草伏せ
ウォーターハンマー,チャージ
ウォーターハンマー,くし刺し
ウォーターハンマー,高波返し
ウォーターハンマー,スウィング
ウォーターハンマー,脳削り
ウォーターハンマー,エイミング
ウォーターハンマー,スカッシュ
ウォーターハンマー,光の腕
ウォーターハンマー,極楽連衝
ウォーターハンマー,活殺獣閃衝
ウォーターハンマー,蓮華衝
ウォーターハンマー,無双三段
ウォーターハンマー,狙い撃ち
ウォーターハンマー,イド・ブレイク
ウォーターハンマー,サイドワインダー
ウォーターハンマー,影矢
ウォーターハンマー,針千本
ウォーターハンマー,連射
ウォーターハンマー,瞬速の矢
ウォーターハンマー,ニードルショット
ウォーターハンマー,ウッドストック
ウォーターハンマー,フレイムナーガ
ウォーターハンマー,焼殺
ウォーターハンマー,召雷
ウォーターハンマー,天雷
ウォーターハンマー,樹
ウォーターハンマー,石
ウォーターハンマー,樹打
ウォーターハンマー,石斧断
ウォーターハンマー,プレス
フレイムナーガ,正拳
フレイムナーガ,裏拳
フレイムナーガ,胴抜き
フレイムナーガ,熊掌打
フレイムナーガ,ボコボコ
フレイムナーガ,鬼走り
フレイムナーガ,爆砕鉄拳
フレイムナーガ,ハートブレイク
フレイムナーガ,アームハンマー
フレイムナーガ,キックラッシュ
フレイムナーガ,コークスクリュー
フレイムナーガ,蹴上がり
フレイムナーガ,三角蹴り
フレイムナーガ,あびせ倒し
フレイムナーガ,キッチンシンク
フレイムナーガ,ローリングサンダー
フレイムナーガ,呼び戻し
フレイムナーガ,滝登り
フレイムナーガ,三龍旋
フレイムナーガ,カムイ
フレイムナーガ,断滅
フレイムナーガ,切り返し
フレイムナーガ,十字切り
フレイムナーガ,追突剣
フレイムナーガ,払い抜け
フレイムナーガ,スマッシュ
フレイムナーガ,かすみ二段
フレイムナーガ,デッドエンド
フレイムナーガ,なで斬り
フレイムナーガ,クロスブレイク
フレイムナーガ,みじん斬り
フレイムナーガ,龍尾返し
フレイムナーガ,かぶと割り
フレイムナーガ,天地二段
フレイムナーガ,逆風の太刀
フレイムナーガ,マルチウェイ
フレイムナーガ,トマホーク
フレイムナーガ,かかと切り
フレイムナーガ,ハイパーハンマー
フレイムナーガ,大木断
フレイムナーガ,一人時間差
フレイムナーガ,スカルクラッシュ
フレイムナーガ,アクセルターン
フレイムナーガ,夜叉横断
フレイムナーガ,スカイドライヴ
フレイムナーガ,大強撃
フレイムナーガ,ヨーヨー
フレイムナーガ,高速ナブラ
フレイムナーガ,スカイランデヴー
フレイムナーガ,マキ割りトルネード
フレイムナーガ,回し打ち
フレイムナーガ,ハートビート
フレイムナーガ,海老殺し
フレイムナーガ,骨砕き
フレイムナーガ,脳天直撃
フレイムナーガ,どら鳴らし
フレイムナーガ,痛打
フレイムナーガ,削岩撃
フレイムナーガ,払い突き
フレイムナーガ,二段突き
フレイムナーガ,草伏せ
フレイムナーガ,チャージ
フレイムナーガ,くし刺し
フレイムナーガ,高波返し
フレイムナーガ,スウィング
フレイムナーガ,脳削り
フレイムナーガ,エイミング
フレイムナーガ,スカッシュ
フレイムナーガ,光の腕
フレイムナーガ,極楽連衝
フレイムナーガ,活殺獣閃衝
フレイムナーガ,蓮華衝
フレイムナーガ,無双三段
フレイムナーガ,狙い撃ち
フレイムナーガ,イド・ブレイク
フレイムナーガ,サイドワインダー
フレイムナーガ,影矢
フレイムナーガ,針千本
フレイムナーガ,連射
フレイムナーガ,瞬速の矢
フレイムナーガ,ニードルショット
フレイムナーガ,ウッドストック
フレイムナーガ,ウォーターハンマー
フレイムナーガ,焼殺
フレイムナーガ,召雷
フレイムナーガ,天雷
フレイムナーガ,樹
フレイムナーガ,石
フレイムナーガ,炎
フレイムナーガ,音
フレイムナーガ,音波剣
フレイムナーガ,音波弾
ファイアストーム,正拳
ファイアストーム,裏拳
ファイアストーム,胴抜き
ファイアストーム,熊掌打
ファイアストーム,ボコボコ
ファイアストーム,鬼走り
ファイアストーム,爆砕鉄拳
ファイアストーム,ハートブレイク
ファイアストーム,アームハンマー
ファイアストーム,キックラッシュ
ファイアストーム,コークスクリュー
ファイアストーム,蹴上がり
ファイアストーム,三角蹴り
ファイアストーム,あびせ倒し
ファイアストーム,キッチンシンク
ファイアストーム,ローリングサンダー
ファイアストーム,呼び戻し
ファイアストーム,滝登り
ファイアストーム,三龍旋
ファイアストーム,カムイ
ファイアストーム,断滅
ファイアストーム,切り返し
ファイアストーム,十字切り
ファイアストーム,追突剣
ファイアストーム,払い抜け
ファイアストーム,スマッシュ
ファイアストーム,かすみ二段
ファイアストーム,デッドエンド
ファイアストーム,なで斬り
ファイアストーム,クロスブレイク
ファイアストーム,みじん斬り
ファイアストーム,龍尾返し
ファイアストーム,かぶと割り
ファイアストーム,天地二段
ファイアストーム,逆風の太刀
ファイアストーム,マルチウェイ
ファイアストーム,トマホーク
ファイアストーム,かかと切り
ファイアストーム,ハイパーハンマー
ファイアストーム,大木断
ファイアストーム,一人時間差
ファイアストーム,スカルクラッシュ
ファイアストーム,アクセルターン
ファイアストーム,夜叉横断
ファイアストーム,スカイドライヴ
ファイアストーム,大強撃
ファイアストーム,ヨーヨー
ファイアストーム,高速ナブラ
ファイアストーム,スカイランデヴー
ファイアストーム,マキ割りトルネード
ファイアストーム,回し打ち
ファイアストーム,ハートビート
ファイアストーム,海老殺し
ファイアストーム,骨砕き
ファイアストーム,脳天直撃
ファイアストーム,どら鳴らし
ファイアストーム,痛打
ファイアストーム,削岩撃
ファイアストーム,払い突き
ファイアストーム,二段突き
ファイアストーム,草伏せ
ファイアストーム,チャージ
ファイアストーム,くし刺し
ファイアストーム,高波返し
ファイアストーム,スウィング
ファイアストーム,脳削り
ファイアストーム,エイミング
ファイアストーム,スカッシュ
ファイアストーム,光の腕
ファイアストーム,極楽連衝
ファイアストーム,活殺獣閃衝
ファイアストーム,蓮華衝
ファイアストーム,無双三段
ファイアストーム,狙い撃ち
ファイアストーム,イド・ブレイク
ファイアストーム,サイドワインダー
ファイアストーム,影矢
ファイアストーム,針千本
ファイアストーム,連射
ファイアストーム,瞬速の矢
ファイアストーム,ニードルショット
ファイアストーム,ウォーターハンマー
ファイアストーム,召雷
ファイアストーム,天雷
焼殺,正拳
焼殺,裏拳
焼殺,胴抜き
焼殺,熊掌打
焼殺,ボコボコ
焼殺,鬼走り
焼殺,爆砕鉄拳
焼殺,ハートブレイク
焼殺,アームハンマー
焼殺,キックラッシュ
焼殺,コークスクリュー
焼殺,蹴上がり
焼殺,三角蹴り
焼殺,あびせ倒し
焼殺,キッチンシンク
焼殺,ローリングサンダー
焼殺,呼び戻し
焼殺,滝登り
焼殺,三龍旋
焼殺,カムイ
焼殺,断滅
焼殺,切り返し
焼殺,十字切り
焼殺,追突剣
焼殺,払い抜け
焼殺,スマッシュ
焼殺,かすみ二段
焼殺,デッドエンド
焼殺,なで斬り
焼殺,クロスブレイク
焼殺,みじん斬り
焼殺,龍尾返し
焼殺,かぶと割り
焼殺,天地二段
焼殺,逆風の太刀
焼殺,マルチウェイ
焼殺,トマホーク
焼殺,かかと切り
焼殺,ハイパーハンマー
焼殺,大木断
焼殺,一人時間差
焼殺,スカルクラッシュ
焼殺,アクセルターン
焼殺,夜叉横断
焼殺,スカイドライヴ
焼殺,大強撃
焼殺,ヨーヨー
焼殺,高速ナブラ
焼殺,スカイランデヴー
焼殺,マキ割りトルネード
焼殺,回し打ち
焼殺,ハートビート
焼殺,海老殺し
焼殺,骨砕き
焼殺,脳天直撃
焼殺,どら鳴らし
焼殺,痛打
焼殺,削岩撃
焼殺,払い突き
焼殺,二段突き
焼殺,草伏せ
焼殺,チャージ
焼殺,くし刺し
焼殺,高波返し
焼殺,スウィング
焼殺,脳削り
焼殺,エイミング
焼殺,スカッシュ
焼殺,光の腕
焼殺,極楽連衝
焼殺,活殺獣閃衝
焼殺,蓮華衝
焼殺,無双三段
焼殺,狙い撃ち
焼殺,イド・ブレイク
焼殺,サイドワインダー
焼殺,影矢
焼殺,針千本
焼殺,連射
焼殺,瞬速の矢
焼殺,ニードルショット
焼殺,ウッドストック
焼殺,ウォーターハンマー
焼殺,フレイムナーガ
焼殺,召雷
焼殺,天雷
焼殺,樹
焼殺,樹打
焼殺,プレス
毒音波,正拳
毒音波,裏拳
毒音波,胴抜き
毒音波,熊掌打
毒音波,ボコボコ
毒音波,鬼走り
毒音波,爆砕鉄拳
毒音波,ハートブレイク
毒音波,アームハンマー
毒音波,キックラッシュ
毒音波,コークスクリュー
毒音波,蹴上がり
毒音波,三角蹴り
毒音波,あびせ倒し
毒音波,キッチンシンク
毒音波,ローリングサンダー
毒音波,呼び戻し
毒音波,滝登り
毒音波,三龍旋
毒音波,カムイ
毒音波,断滅
毒音波,切り返し
毒音波,十字切り
毒音波,追突剣
毒音波,払い抜け
毒音波,スマッシュ
毒音波,かすみ二段
毒音波,デッドエンド
毒音波,なで斬り
毒音波,クロスブレイク
毒音波,みじん斬り
毒音波,龍尾返し
毒音波,かぶと割り
毒音波,天地二段
毒音波,逆風の太刀
毒音波,マルチウェイ
毒音波,トマホーク
毒音波,かかと切り
毒音波,ハイパーハンマー
毒音波,大木断
毒音波,一人時間差
毒音波,スカルクラッシュ
毒音波,アクセルターン
毒音波,夜叉横断
毒音波,スカイドライヴ
毒音波,大強撃
毒音波,ヨーヨー
毒音波,高速ナブラ
毒音波,スカイランデヴー
毒音波,マキ割りトルネード
毒音波,回し打ち
毒音波,ハートビート
毒音波,海老殺し
毒音波,骨砕き
毒音波,脳天直撃
毒音波,どら鳴らし
毒音波,痛打
毒音波,削岩撃
毒音波,払い突き
毒音波,二段突き
毒音波,草伏せ
毒音波,チャージ
毒音波,くし刺し
毒音波,高波返し
毒音波,スウィング
毒音波,脳削り
毒音波,エイミング
毒音波,スカッシュ
毒音波,光の腕
毒音波,極楽連衝
毒音波,活殺獣閃衝
毒音波,蓮華衝
毒音波,無双三段
毒音波,狙い撃ち
毒音波,イド・ブレイク
毒音波,サイドワインダー
毒音波,影矢
毒音波,針千本
毒音波,連射
毒音波,瞬速の矢
毒音波,ニードルショット
毒音波,ウッドストック
毒音波,ウォーターハンマー
毒音波,フレイムナーガ
毒音波,焼殺
毒音波,召雷
毒音波,天雷
毒音波,樹
毒音波,石
毒音波,炎
毒音波,音
毒音波,石斧断
毒音波,火炎龍
毒音波,炎の太刀
毒音波,音波剣
毒音波,音波弾
アクアバイパー,正拳
アクアバイパー,裏拳
アクアバイパー,胴抜き
アクアバイパー,熊掌打
アクアバイパー,ボコボコ
アクアバイパー,鬼走り
アクアバイパー,爆砕鉄拳
アクアバイパー,ハートブレイク
アクアバイパー,アームハンマー
アクアバイパー,キックラッシュ
アクアバイパー,コークスクリュー
アクアバイパー,蹴上がり
アクアバイパー,三角蹴り
アクアバイパー,あびせ倒し
アクアバイパー,キッチンシンク
アクアバイパー,ローリングサンダー
アクアバイパー,呼び戻し
アクアバイパー,滝登り
アクアバイパー,三龍旋
アクアバイパー,カムイ
アクアバイパー,断滅
アクアバイパー,切り返し
アクアバイパー,十字切り
アクアバイパー,追突剣
アクアバイパー,払い抜け
アクアバイパー,スマッシュ
アクアバイパー,かすみ二段
アクアバイパー,デッドエンド
アクアバイパー,なで斬り
アクアバイパー,クロスブレイク
アクアバイパー,みじん斬り
アクアバイパー,龍尾返し
アクアバイパー,かぶと割り
アクアバイパー,天地二段
アクアバイパー,逆風の太刀
アクアバイパー,マルチウェイ
アクアバイパー,トマホーク
アクアバイパー,かかと切り
アクアバイパー,ハイパーハンマー
アクアバイパー,大木断
アクアバイパー,一人時間差
アクアバイパー,スカルクラッシュ
アクアバイパー,アクセルターン
アクアバイパー,夜叉横断
アクアバイパー,スカイドライヴ
アクアバイパー,大強撃
アクアバイパー,ヨーヨー
アクアバイパー,高速ナブラ
アクアバイパー,スカイランデヴー
アクアバイパー,マキ割りトルネード
アクアバイパー,回し打ち
アクアバイパー,ハートビート
アクアバイパー,海老殺し
アクアバイパー,骨砕き
アクアバイパー,脳天直撃
アクアバイパー,どら鳴らし
アクアバイパー,痛打
アクアバイパー,削岩撃
アクアバイパー,払い突き
アクアバイパー,二段突き
アクアバイパー,草伏せ
アクアバイパー,チャージ
アクアバイパー,くし刺し
アクアバイパー,高波返し
アクアバイパー,スウィング
アクアバイパー,脳削り
アクアバイパー,エイミング
アクアバイパー,スカッシュ
アクアバイパー,光の腕
アクアバイパー,極楽連衝
アクアバイパー,活殺獣閃衝
アクアバイパー,蓮華衝
アクアバイパー,無双三段
アクアバイパー,狙い撃ち
アクアバイパー,イド・ブレイク
アクアバイパー,サイドワインダー
アクアバイパー,影矢
アクアバイパー,針千本
アクアバイパー,連射
アクアバイパー,瞬速の矢
アクアバイパー,ニードルショット
アクアバイパー,フレイムナーガ
アクアバイパー,焼殺
アクアバイパー,召雷
アクアバイパー,天雷
アクアバイパー,石
アクアバイパー,石斧断
召雷,正拳
召雷,裏拳
召雷,胴抜き
召雷,熊掌打
召雷,ボコボコ
召雷,鬼走り
召雷,爆砕鉄拳
召雷,ハートブレイク
召雷,アームハンマー
召雷,キックラッシュ
召雷,コークスクリュー
召雷,蹴上がり
召雷,三角蹴り
召雷,あびせ倒し
召雷,キッチンシンク
召雷,ローリングサンダー
召雷,呼び戻し
召雷,滝登り
召雷,三龍旋
召雷,カムイ
召雷,断滅
召雷,切り返し
召雷,十字切り
召雷,追突剣
召雷,払い抜け
召雷,スマッシュ
召雷,かすみ二段
召雷,デッドエンド
召雷,なで斬り
召雷,クロスブレイク
召雷,みじん斬り
召雷,龍尾返し
召雷,かぶと割り
召雷,天地二段
召雷,逆風の太刀
召雷,マルチウェイ
召雷,トマホーク
召雷,かかと切り
召雷,ハイパーハンマー
召雷,大木断
召雷,一人時間差
召雷,スカルクラッシュ
召雷,アクセルターン
召雷,夜叉横断
召雷,スカイドライヴ
召雷,大強撃
召雷,ヨーヨー
召雷,高速ナブラ
召雷,スカイランデヴー
召雷,マキ割りトルネード
召雷,回し打ち
召雷,ハートビート
召雷,海老殺し
召雷,骨砕き
召雷,脳天直撃
召雷,どら鳴らし
召雷,痛打
召雷,削岩撃
召雷,払い突き
召雷,二段突き
召雷,草伏せ
召雷,チャージ
召雷,くし刺し
召雷,高波返し
召雷,スウィング
召雷,脳削り
召雷,エイミング
召雷,スカッシュ
召雷,光の腕
召雷,極楽連衝
召雷,活殺獣閃衝
召雷,蓮華衝
召雷,無双三段
召雷,狙い撃ち
召雷,イド・ブレイク
召雷,サイドワインダー
召雷,影矢
召雷,針千本
召雷,連射
召雷,瞬速の矢
召雷,ウッドストック
召雷,フレイムナーガ
召雷,樹
召雷,炎
召雷,樹打
召雷,火炎龍
召雷,炎の太刀
召雷,プレス
パーマネンス,裏拳
パーマネンス,キッチンシンク
パーマネンス,かすみ二段
パーマネンス,なで斬り
パーマネンス,トマホーク
パーマネンス,ハートビート
パーマネンス,骨砕き
パーマネンス,痛打
天雷,正拳
天雷,裏拳
天雷,胴抜き
天雷,熊掌打
天雷,ボコボコ
天雷,鬼走り
天雷,爆砕鉄拳
天雷,ハートブレイク
天雷,アームハンマー
天雷,キックラッシュ
天雷,コークスクリュー
天雷,蹴上がり
天雷,三角蹴り
天雷,あびせ倒し
天雷,キッチンシンク
天雷,ローリングサンダー
天雷,呼び戻し
天雷,滝登り
天雷,三龍旋
天雷,カムイ
天雷,断滅
天雷,切り返し
天雷,十字切り
天雷,追突剣
天雷,払い抜け
天雷,スマッシュ
天雷,かすみ二段
天雷,デッドエンド
天雷,なで斬り
天雷,クロスブレイク
天雷,みじん斬り
天雷,龍尾返し
天雷,かぶと割り
天雷,天地二段
天雷,逆風の太刀
天雷,マルチウェイ
天雷,トマホーク
天雷,かかと切り
天雷,ハイパーハンマー
天雷,大木断
天雷,一人時間差
天雷,スカルクラッシュ
天雷,アクセルターン
天雷,夜叉横断
天雷,スカイドライヴ
天雷,大強撃
天雷,ヨーヨー
天雷,高速ナブラ
天雷,スカイランデヴー
天雷,マキ割りトルネード
天雷,回し打ち
天雷,ハートビート
天雷,海老殺し
天雷,骨砕き
天雷,脳天直撃
天雷,どら鳴らし
天雷,痛打
天雷,削岩撃
天雷,払い突き
天雷,二段突き
天雷,草伏せ
天雷,チャージ
天雷,くし刺し
天雷,高波返し
天雷,スウィング
天雷,脳削り
天雷,エイミング
天雷,スカッシュ
天雷,光の腕
天雷,極楽連衝
天雷,活殺獣閃衝
天雷,蓮華衝
天雷,無双三段
天雷,狙い撃ち
天雷,イド・ブレイク
天雷,サイドワインダー
天雷,影矢
天雷,針千本
天雷,連射
天雷,瞬速の矢
天雷,ウッドストック
天雷,フレイムナーガ
天雷,樹
天雷,炎
天雷,樹打
天雷,火炎龍
天雷,炎の太刀
天雷,プレス
ソニックバーナー,正拳
ソニックバーナー,裏拳
ソニックバーナー,胴抜き
ソニックバーナー,熊掌打
ソニックバーナー,ボコボコ
ソニックバーナー,鬼走り
ソニックバーナー,爆砕鉄拳
ソニックバーナー,ハートブレイク
ソニックバーナー,アームハンマー
ソニックバーナー,キックラッシュ
ソニックバーナー,コークスクリュー
ソニックバーナー,蹴上がり
ソニックバーナー,三角蹴り
ソニックバーナー,あびせ倒し
ソニックバーナー,キッチンシンク
ソニックバーナー,ローリングサンダー
ソニックバーナー,呼び戻し
ソニックバーナー,滝登り
ソニックバーナー,三龍旋
ソニックバーナー,カムイ
ソニックバーナー,断滅
ソニックバーナー,切り返し
ソニックバーナー,十字切り
ソニックバーナー,追突剣
ソニックバーナー,払い抜け
ソニックバーナー,スマッシュ
ソニックバーナー,かすみ二段
ソニックバーナー,デッドエンド
ソニックバーナー,なで斬り
ソニックバーナー,クロスブレイク
ソニックバーナー,みじん斬り
ソニックバーナー,龍尾返し
ソニックバーナー,かぶと割り
ソニックバーナー,天地二段
ソニックバーナー,逆風の太刀
ソニックバーナー,マルチウェイ
ソニックバーナー,トマホーク
ソニックバーナー,かかと切り
ソニックバーナー,ハイパーハンマー
ソニックバーナー,大木断
ソニックバーナー,一人時間差
ソニックバーナー,スカルクラッシュ
ソニックバーナー,アクセルターン
ソニックバーナー,夜叉横断
ソニックバーナー,スカイドライヴ
ソニックバーナー,大強撃
ソニックバーナー,ヨーヨー
ソニックバーナー,高速ナブラ
ソニックバーナー,スカイランデヴー
ソニックバーナー,マキ割りトルネード
ソニックバーナー,回し打ち
ソニックバーナー,ハートビート
ソニックバーナー,海老殺し
ソニックバーナー,骨砕き
ソニックバーナー,脳天直撃
ソニックバーナー,どら鳴らし
ソニックバーナー,痛打
ソニックバーナー,削岩撃
ソニックバーナー,払い突き
ソニックバーナー,二段突き
ソニックバーナー,草伏せ
ソニックバーナー,チャージ
ソニックバーナー,くし刺し
ソニックバーナー,高波返し
ソニックバーナー,スウィング
ソニックバーナー,脳削り
ソニックバーナー,エイミング
ソニックバーナー,スカッシュ
ソニックバーナー,光の腕
ソニックバーナー,極楽連衝
ソニックバーナー,活殺獣閃衝
ソニックバーナー,蓮華衝
ソニックバーナー,無双三段
ソニックバーナー,狙い撃ち
ソニックバーナー,イド・ブレイク
ソニックバーナー,サイドワインダー
ソニックバーナー,影矢
ソニックバーナー,針千本
ソニックバーナー,連射
ソニックバーナー,瞬速の矢
ソニックバーナー,ニードルショット
ソニックバーナー,ウォーターハンマー
ソニックバーナー,召雷
ソニックバーナー,天雷
ソニックバーナー,炎
ソニックバーナー,火炎龍
ソニックバーナー,炎の太刀
スポイルウェイヴ,正拳
スポイルウェイヴ,裏拳
スポイルウェイヴ,胴抜き
スポイルウェイヴ,熊掌打
スポイルウェイヴ,ボコボコ
スポイルウェイヴ,鬼走り
スポイルウェイヴ,爆砕鉄拳
スポイルウェイヴ,ハートブレイク
スポイルウェイヴ,アームハンマー
スポイルウェイヴ,キックラッシュ
スポイルウェイヴ,コークスクリュー
スポイルウェイヴ,蹴上がり
スポイルウェイヴ,三角蹴り
スポイルウェイヴ,あびせ倒し
スポイルウェイヴ,キッチンシンク
スポイルウェイヴ,ローリングサンダー
スポイルウェイヴ,呼び戻し
スポイルウェイヴ,滝登り
スポイルウェイヴ,三龍旋
スポイルウェイヴ,カムイ
スポイルウェイヴ,断滅
スポイルウェイヴ,切り返し
スポイルウェイヴ,十字切り
スポイルウェイヴ,追突剣
スポイルウェイヴ,払い抜け
スポイルウェイヴ,スマッシュ
スポイルウェイヴ,かすみ二段
スポイルウェイヴ,デッドエンド
スポイルウェイヴ,なで斬り
スポイルウェイヴ,クロスブレイク
スポイルウェイヴ,みじん斬り
スポイルウェイヴ,龍尾返し
スポイルウェイヴ,かぶと割り
スポイルウェイヴ,天地二段
スポイルウェイヴ,逆風の太刀
スポイルウェイヴ,マルチウェイ
スポイルウェイヴ,トマホーク
スポイルウェイヴ,かかと切り
スポイルウェイヴ,ハイパーハンマー
スポイルウェイヴ,大木断
スポイルウェイヴ,一人時間差
スポイルウェイヴ,スカルクラッシュ
スポイルウェイヴ,アクセルターン
スポイルウェイヴ,夜叉横断
スポイルウェイヴ,スカイドライヴ
スポイルウェイヴ,大強撃
スポイルウェイヴ,ヨーヨー
スポイルウェイヴ,高速ナブラ
スポイルウェイヴ,スカイランデヴー
スポイルウェイヴ,マキ割りトルネード
スポイルウェイヴ,回し打ち
スポイルウェイヴ,ハートビート
スポイルウェイヴ,海老殺し
スポイルウェイヴ,骨砕き
スポイルウェイヴ,脳天直撃
スポイルウェイヴ,どら鳴らし
スポイルウェイヴ,痛打
スポイルウェイヴ,削岩撃
スポイルウェイヴ,払い突き
スポイルウェイヴ,二段突き
スポイルウェイヴ,草伏せ
スポイルウェイヴ,チャージ
スポイルウェイヴ,くし刺し
スポイルウェイヴ,高波返し
スポイルウェイヴ,スウィング
スポイルウェイヴ,脳削り
スポイルウェイヴ,エイミング
スポイルウェイヴ,スカッシュ
スポイルウェイヴ,光の腕
スポイルウェイヴ,極楽連衝
スポイルウェイヴ,活殺獣閃衝
スポイルウェイヴ,蓮華衝
スポイルウェイヴ,無双三段
スポイルウェイヴ,狙い撃ち
スポイルウェイヴ,イド・ブレイク
スポイルウェイヴ,サイドワインダー
スポイルウェイヴ,影矢
スポイルウェイヴ,針千本
スポイルウェイヴ,連射
スポイルウェイヴ,瞬速の矢
スポイルウェイヴ,ニードルショット
スポイルウェイヴ,召雷
石の記憶,正拳
石の記憶,裏拳
石の記憶,胴抜き
石の記憶,熊掌打
石の記憶,ボコボコ
石の記憶,キックラッシュ
石の記憶,コークスクリュー
石の記憶,蹴上がり
石の記憶,三角蹴り
石の記憶,切り返し
石の記憶,十字切り
石の記憶,追突剣
石の記憶,払い抜け
石の記憶,かすみ二段
石の記憶,クロスブレイク
石の記憶,みじん斬り
石の記憶,龍尾返し
石の記憶,かぶと割り
石の記憶,天地二段
石の記憶,逆風の太刀
石の記憶,トマホーク
石の記憶,かかと切り
石の記憶,ハイパーハンマー
石の記憶,大木断
石の記憶,一人時間差
石の記憶,スカルクラッシュ
石の記憶,アクセルターン
石の記憶,夜叉横断
石の記憶,スカイドライヴ
石の記憶,大強撃
石の記憶,高速ナブラ
石の記憶,回し打ち
石の記憶,海老殺し
石の記憶,脳天直撃
石の記憶,どら鳴らし
石の記憶,削岩撃
石の記憶,払い突き
石の記憶,二段突き
石の記憶,草伏せ
石の記憶,チャージ
石の記憶,くし刺し
石の記憶,高波返し
石の記憶,エイミング
石の記憶,スカッシュ
石の記憶,光の腕
石の記憶,極楽連衝
石の記憶,蓮華衝
石の記憶,狙い撃ち
石の記憶,針千本
石の記憶,連射
石の記憶,瞬速の矢
石の記憶,ニードルショット
石の記憶,ウッドストック
石の記憶,フレイムナーガ
石の記憶,召雷
石の記憶,樹
石の記憶,樹打
石の記憶,プレス
清歌,正拳
清歌,裏拳
清歌,胴抜き
清歌,熊掌打
清歌,ボコボコ
清歌,鬼走り
清歌,爆砕鉄拳
清歌,ハートブレイク
清歌,アームハンマー
清歌,キックラッシュ
清歌,コークスクリュー
清歌,蹴上がり
清歌,三角蹴り
清歌,あびせ倒し
清歌,キッチンシンク
清歌,ローリングサンダー
清歌,呼び戻し
清歌,滝登り
清歌,三龍旋
清歌,カムイ
清歌,断滅
清歌,切り返し
清歌,十字切り
清歌,追突剣
清歌,払い抜け
清歌,スマッシュ
清歌,かすみ二段
清歌,デッドエンド
清歌,なで斬り
清歌,クロスブレイク
清歌,みじん斬り
清歌,龍尾返し
清歌,かぶと割り
清歌,天地二段
清歌,逆風の太刀
清歌,マルチウェイ
清歌,トマホーク
清歌,かかと切り
清歌,ハイパーハンマー
清歌,大木断
清歌,一人時間差
清歌,スカルクラッシュ
清歌,アクセルターン
清歌,夜叉横断
清歌,スカイドライヴ
清歌,大強撃
清歌,ヨーヨー
清歌,高速ナブラ
清歌,スカイランデヴー
清歌,マキ割りトルネード
清歌,回し打ち
清歌,ハートビート
清歌,海老殺し
清歌,骨砕き
清歌,脳天直撃
清歌,どら鳴らし
清歌,痛打
清歌,削岩撃
清歌,払い突き
清歌,二段突き
清歌,草伏せ
清歌,チャージ
清歌,くし刺し
清歌,高波返し
清歌,スウィング
清歌,脳削り
清歌,エイミング
清歌,スカッシュ
清歌,光の腕
清歌,極楽連衝
清歌,活殺獣閃衝
清歌,蓮華衝
清歌,無双三段
清歌,狙い撃ち
清歌,イド・ブレイク
清歌,サイドワインダー
清歌,影矢
清歌,針千本
清歌,連射
清歌,瞬速の矢
清歌,ニードルショット
清歌,ウッドストック
清歌,ウォーターハンマー
清歌,フレイムナーガ
清歌,焼殺
清歌,召雷
清歌,天雷
清歌,樹
清歌,石
清歌,炎
清歌,音
清歌,樹打
清歌,音波剣
清歌,音波弾
清歌,プレス
ハウリングヘヴン,正拳
ハウリングヘヴン,裏拳
ハウリングヘヴン,胴抜き
ハウリングヘヴン,熊掌打
ハウリングヘヴン,ボコボコ
ハウリングヘヴン,鬼走り
ハウリングヘヴン,爆砕鉄拳
ハウリングヘヴン,ハートブレイク
ハウリングヘヴン,アームハンマー
ハウリングヘヴン,キックラッシュ
ハウリングヘヴン,コークスクリュー
ハウリングヘヴン,蹴上がり
ハウリングヘヴン,三角蹴り
ハウリングヘヴン,あびせ倒し
ハウリングヘヴン,キッチンシンク
ハウリングヘヴン,ローリングサンダー
ハウリングヘヴン,呼び戻し
ハウリングヘヴン,滝登り
ハウリングヘヴン,三龍旋
ハウリングヘヴン,カムイ
ハウリングヘヴン,断滅
ハウリングヘヴン,切り返し
ハウリングヘヴン,十字切り
ハウリングヘヴン,追突剣
ハウリングヘヴン,払い抜け
ハウリングヘヴン,スマッシュ
ハウリングヘヴン,かすみ二段
ハウリングヘヴン,デッドエンド
ハウリングヘヴン,なで斬り
ハウリングヘヴン,クロスブレイク
ハウリングヘヴン,みじん斬り
ハウリングヘヴン,龍尾返し
ハウリングヘヴン,かぶと割り
ハウリングヘヴン,天地二段
ハウリングヘヴン,逆風の太刀
ハウリングヘヴン,マルチウェイ
ハウリングヘヴン,トマホーク
ハウリングヘヴン,かかと切り
ハウリングヘヴン,ハイパーハンマー
ハウリングヘヴン,大木断
ハウリングヘヴン,一人時間差
ハウリングヘヴン,スカルクラッシュ
ハウリングヘヴン,アクセルターン
ハウリングヘヴン,夜叉横断
ハウリングヘヴン,スカイドライヴ
ハウリングヘヴン,大強撃
ハウリングヘヴン,ヨーヨー
ハウリングヘヴン,高速ナブラ
ハウリングヘヴン,スカイランデヴー
ハウリングヘヴン,マキ割りトルネード
ハウリングヘヴン,回し打ち
ハウリングヘヴン,ハートビート
ハウリングヘヴン,海老殺し
ハウリングヘヴン,骨砕き
ハウリングヘヴン,脳天直撃
ハウリングヘヴン,どら鳴らし
ハウリングヘヴン,痛打
ハウリングヘヴン,削岩撃
ハウリングヘヴン,払い突き
ハウリングヘヴン,二段突き
ハウリングヘヴン,草伏せ
ハウリングヘヴン,チャージ
ハウリングヘヴン,くし刺し
ハウリングヘヴン,高波返し
ハウリングヘヴン,スウィング
ハウリングヘヴン,脳削り
ハウリングヘヴン,エイミング
ハウリングヘヴン,スカッシュ
ハウリングヘヴン,光の腕
ハウリングヘヴン,極楽連衝
ハウリングヘヴン,活殺獣閃衝
ハウリングヘヴン,蓮華衝
ハウリングヘヴン,無双三段
ハウリングヘヴン,狙い撃ち
ハウリングヘヴン,イド・ブレイク
ハウリングヘヴン,サイドワインダー
ハウリングヘヴン,影矢
ハウリングヘヴン,針千本
ハウリングヘヴン,連射
ハウリングヘヴン,瞬速の矢
ハウリングヘヴン,ニードルショット
ハウリングヘヴン,ウッドストック
ハウリングヘヴン,フレイムナーガ
ハウリングヘヴン,召雷
ハウリングヘヴン,樹
ハウリングヘヴン,樹打
ハウリングヘヴン,プレス
樹,裏拳
樹,アームハンマー
樹,キックラッシュ
樹,三角蹴り
樹,あびせ倒し
樹,デッドエンド
樹,みじん斬り
樹,高速ナブラ
樹,脳天直撃
樹,エイミング
樹,蓮華衝
樹,連射
樹,瞬速の矢
石,正拳
石,裏拳
石,胴抜き
石,ボコボコ
石,アームハンマー
石,キックラッシュ
石,コークスクリュー
石,蹴上がり
石,三角蹴り
石,あびせ倒し
石,切り返し
石,十字切り
石,払い抜け
石,かすみ二段
石,デッドエンド
石,クロスブレイク
石,みじん斬り
石,龍尾返し
石,かぶと割り
石,逆風の太刀
石,トマホーク
石,ハイパーハンマー
石,一人時間差
石,スカイドライヴ
石,大強撃
石,高速ナブラ
石,回し打ち
石,海老殺し
石,脳天直撃
石,どら鳴らし
石,二段突き
石,チャージ
石,高波返し
石,エイミング
石,スカッシュ
石,極楽連衝
石,蓮華衝
石,狙い撃ち
石,針千本
石,連射
石,瞬速の矢
石,ニードルショット
石,召雷
炎,裏拳
炎,アームハンマー
炎,キックラッシュ
炎,三角蹴り
炎,あびせ倒し
炎,デッドエンド
炎,みじん斬り
炎,高速ナブラ
炎,脳天直撃
炎,エイミング
炎,蓮華衝
炎,連射
炎,瞬速の矢
音,正拳
音,裏拳
音,胴抜き
音,ボコボコ
音,アームハンマー
音,キックラッシュ
音,コークスクリュー
音,蹴上がり
音,三角蹴り
音,あびせ倒し
音,切り返し
音,十字切り
音,払い抜け
音,かすみ二段
音,デッドエンド
音,クロスブレイク
音,みじん斬り
音,龍尾返し
音,かぶと割り
音,逆風の太刀
音,トマホーク
音,ハイパーハンマー
音,一人時間差
音,スカイドライヴ
音,大強撃
音,高速ナブラ
音,回し打ち
音,海老殺し
音,脳天直撃
音,どら鳴らし
音,二段突き
音,チャージ
音,高波返し
音,エイミング
音,スカッシュ
音,極楽連衝
音,蓮華衝
音,狙い撃ち
音,針千本
音,連射
音,瞬速の矢
音,ニードルショット
音,召雷
樹打,裏拳
樹打,アームハンマー
樹打,キックラッシュ
樹打,三角蹴り
樹打,あびせ倒し
樹打,デッドエンド
樹打,みじん斬り
樹打,高速ナブラ
樹打,脳天直撃
樹打,エイミング
樹打,蓮華衝
樹打,連射
樹打,瞬速の矢
石斧断,裏拳
石斧断,アームハンマー
石斧断,キックラッシュ
石斧断,三角蹴り
石斧断,あびせ倒し
石斧断,デッドエンド
石斧断,みじん斬り
石斧断,高速ナブラ
石斧断,脳天直撃
石斧断,エイミング
石斧断,蓮華衝
石斧断,連射
石斧断,瞬速の矢
火炎龍,裏拳
火炎龍,アームハンマー
火炎龍,キックラッシュ
火炎龍,三角蹴り
火炎龍,あびせ倒し
火炎龍,デッドエンド
火炎龍,みじん斬り
火炎龍,高速ナブラ
火炎龍,脳天直撃
火炎龍,エイミング
火炎龍,蓮華衝
火炎龍,連射
火炎龍,瞬速の矢
音波剣,裏拳
音波剣,アームハンマー
音波剣,キックラッシュ
音波剣,三角蹴り
音波剣,あびせ倒し
音波剣,デッドエンド
音波剣,みじん斬り
音波剣,高速ナブラ
音波剣,脳天直撃
音波剣,エイミング
音波剣,蓮華衝
音波剣,連射
音波剣,瞬速の矢
音波弾,裏拳
音波弾,アームハンマー
音波弾,キックラッシュ
音波弾,三角蹴り
音波弾,あびせ倒し
音波弾,デッドエンド
音波弾,みじん斬り
音波弾,高速ナブラ
音波弾,脳天直撃
音波弾,エイミング
音波弾,蓮華衝
音波弾,連射
音波弾,瞬速の矢
ニードルバースト,正拳
ニードルバースト,裏拳
ニードルバースト,胴抜き
ニードルバースト,熊掌打
ニードルバースト,ボコボコ
ニードルバースト,鬼走り
ニードルバースト,爆砕鉄拳
ニードルバースト,ハートブレイク
ニードルバースト,アームハンマー
ニードルバースト,キックラッシュ
ニードルバースト,コークスクリュー
ニードルバースト,蹴上がり
ニードルバースト,三角蹴り
ニードルバースト,あびせ倒し
ニードルバースト,キッチンシンク
ニードルバースト,ローリングサンダー
ニードルバースト,呼び戻し
ニードルバースト,滝登り
ニードルバースト,三龍旋
ニードルバースト,カムイ
ニードルバースト,断滅
ニードルバースト,切り返し
ニードルバースト,十字切り
ニードルバースト,追突剣
ニードルバースト,払い抜け
ニードルバースト,スマッシュ
ニードルバースト,かすみ二段
ニードルバースト,デッドエンド
ニードルバースト,なで斬り
ニードルバースト,クロスブレイク
ニードルバースト,みじん斬り
ニードルバースト,龍尾返し
ニードルバースト,かぶと割り
ニードルバースト,天地二段
ニードルバースト,逆風の太刀
ニードルバースト,マルチウェイ
ニードルバースト,トマホーク
ニードルバースト,かかと切り
ニードルバースト,ハイパーハンマー
ニードルバースト,大木断
ニードルバースト,一人時間差
ニードルバースト,スカルクラッシュ
ニードルバースト,アクセルターン
ニードルバースト,夜叉横断
ニードルバースト,スカイドライヴ
ニードルバースト,大強撃
ニードルバースト,ヨーヨー
ニードルバースト,高速ナブラ
ニードルバースト,スカイランデヴー
ニードルバースト,マキ割りトルネード
ニードルバースト,回し打ち
ニードルバースト,ハートビート
ニードルバースト,海老殺し
ニードルバースト,骨砕き
ニードルバースト,脳天直撃
ニードルバースト,どら鳴らし
ニードルバースト,痛打
ニードルバースト,削岩撃
ニードルバースト,払い突き
ニードルバースト,二段突き
ニードルバースト,草伏せ
ニードルバースト,チャージ
ニードルバースト,くし刺し
ニードルバースト,高波返し
ニードルバースト,スウィング
ニードルバースト,脳削り
ニードルバースト,エイミング
ニードルバースト,スカッシュ
ニードルバースト,光の腕
ニードルバースト,極楽連衝
ニードルバースト,活殺獣閃衝
ニードルバースト,蓮華衝
ニードルバースト,無双三段
ニードルバースト,狙い撃ち
ニードルバースト,イド・ブレイク
ニードルバースト,サイドワインダー
ニードルバースト,影矢
ニードルバースト,針千本
ニードルバースト,連射
ニードルバースト,瞬速の矢
ニードルバースト,ニードルショット
ニードルバースト,ウッドストック
ニードルバースト,フレイムナーガ
ニードルバースト,召雷
ニードルバースト,樹
ニードルバースト,樹打
ニードルバースト,プレス
プレス,正拳
プレス,裏拳
プレス,胴抜き
プレス,熊掌打
プレス,ボコボコ
プレス,鬼走り
プレス,爆砕鉄拳
プレス,ハートブレイク
プレス,アームハンマー
プレス,キックラッシュ
プレス,コークスクリュー
プレス,蹴上がり
プレス,三角蹴り
プレス,あびせ倒し
プレス,キッチンシンク
プレス,ローリングサンダー
プレス,呼び戻し
プレス,滝登り
プレス,三龍旋
プレス,カムイ
プレス,断滅
プレス,切り返し
プレス,十字切り
プレス,追突剣
プレス,払い抜け
プレス,スマッシュ
プレス,かすみ二段
プレス,ファイナルレター
プレス,デッドエンド
プレス,なで斬り
プレス,クロスブレイク
プレス,みじん斬り
プレス,龍尾返し
プレス,かぶと割り
プレス,天地二段
プレス,逆風の太刀
プレス,ブルクラッシュ
プレス,無拍子
プレス,マルチウェイ
プレス,トマホーク
プレス,かかと切り
プレス,ハイパーハンマー
プレス,大木断
プレス,一人時間差
プレス,スカルクラッシュ
プレス,アクセルターン
プレス,夜叉横断
プレス,スカイドライヴ
プレス,大強撃
プレス,ヨーヨー
プレス,高速ナブラ
プレス,スカイランデヴー
プレス,マキ割りトルネード
プレス,回し打ち
プレス,ハートビート
プレス,海老殺し
プレス,骨砕き
プレス,脳天直撃
プレス,どら鳴らし
プレス,痛打
プレス,削岩撃
プレス,かめごうら割り
プレス,からすとうさぎ
プレス,払い突き
プレス,二段突き
プレス,草伏せ
プレス,チャージ
プレス,くし刺し
プレス,高波返し
プレス,スウィング
プレス,脳削り
プレス,エイミング
プレス,スカッシュ
プレス,光の腕
プレス,極楽連衝
プレス,活殺獣閃衝
プレス,蓮華衝
プレス,無双三段
プレス,狙い撃ち
プレス,イド・ブレイク
プレス,サイドワインダー
プレス,影矢
プレス,針千本
プレス,連射
プレス,瞬速の矢
プレス,水晶のピラミッド
プレス,ニードルショット
プレス,ウッドストック
プレス,ウォーターハンマー
プレス,フレイムナーガ
プレス,焼殺
プレス,召雷
プレス,天雷
プレス,樹
プレス,石
プレス,炎
プレス,音
プレス,樹打
プレス,石斧断
プレス,火炎龍
プレス,炎の太刀
プレス,音波剣
プレス,音波弾
プレス,プレス
暗殺術・蛇,正拳
暗殺術・蛇,裏拳
暗殺術・蛇,胴抜き
暗殺術・蛇,熊掌打
暗殺術・蛇,ボコボコ
暗殺術・蛇,鬼走り
暗殺術・蛇,爆砕鉄拳
暗殺術・蛇,ハートブレイク
暗殺術・蛇,アームハンマー
暗殺術・蛇,キックラッシュ
暗殺術・蛇,コークスクリュー
暗殺術・蛇,蹴上がり
暗殺術・蛇,三角蹴り
暗殺術・蛇,あびせ倒し
暗殺術・蛇,キッチンシンク
暗殺術・蛇,ローリングサンダー
暗殺術・蛇,呼び戻し
暗殺術・蛇,滝登り
暗殺術・蛇,三龍旋
暗殺術・蛇,カムイ
暗殺術・蛇,断滅
暗殺術・蛇,切り返し
暗殺術・蛇,十字切り
暗殺術・蛇,追突剣
暗殺術・蛇,払い抜け
暗殺術・蛇,スマッシュ
暗殺術・蛇,かすみ二段
暗殺術・蛇,デッドエンド
暗殺術・蛇,なで斬り
暗殺術・蛇,クロスブレイク
暗殺術・蛇,みじん斬り
暗殺術・蛇,龍尾返し
暗殺術・蛇,かぶと割り
暗殺術・蛇,天地二段
暗殺術・蛇,逆風の太刀
暗殺術・蛇,マルチウェイ
暗殺術・蛇,トマホーク
暗殺術・蛇,かかと切り
暗殺術・蛇,ハイパーハンマー
暗殺術・蛇,大木断
暗殺術・蛇,一人時間差
暗殺術・蛇,スカルクラッシュ
暗殺術・蛇,アクセルターン
暗殺術・蛇,夜叉横断
暗殺術・蛇,スカイドライヴ
暗殺術・蛇,大強撃
暗殺術・蛇,ヨーヨー
暗殺術・蛇,高速ナブラ
暗殺術・蛇,スカイランデヴー
暗殺術・蛇,マキ割りトルネード
暗殺術・蛇,回し打ち
暗殺術・蛇,ハートビート
暗殺術・蛇,海老殺し
暗殺術・蛇,骨砕き
暗殺術・蛇,脳天直撃
暗殺術・蛇,どら鳴らし
暗殺術・蛇,痛打
暗殺術・蛇,削岩撃
暗殺術・蛇,払い突き
暗殺術・蛇,二段突き
暗殺術・蛇,草伏せ
暗殺術・蛇,チャージ
暗殺術・蛇,くし刺し
暗殺術・蛇,高波返し
暗殺術・蛇,スウィング
暗殺術・蛇,脳削り
暗殺術・蛇,エイミング
暗殺術・蛇,スカッシュ
暗殺術・蛇,光の腕
暗殺術・蛇,極楽連衝
暗殺術・蛇,活殺獣閃衝
暗殺術・蛇,蓮華衝
暗殺術・蛇,無双三段
暗殺術・蛇,狙い撃ち
暗殺術・蛇,イド・ブレイク
暗殺術・蛇,サイドワインダー
暗殺術・蛇,影矢
暗殺術・蛇,針千本
暗殺術・蛇,連射
暗殺術・蛇,瞬速の矢
暗殺術・蛇,ニードルショット
暗殺術・蛇,フレイムナーガ
暗殺術・蛇,焼殺
暗殺術・蛇,召雷
暗殺術・蛇,天雷
暗殺術・蛇,石
暗殺術・蛇,石斧断
メガボルト,正拳
メガボルト,裏拳
メガボルト,胴抜き
メガボルト,熊掌打
メガボルト,ボコボコ
メガボルト,鬼走り
メガボルト,爆砕鉄拳
メガボルト,ハートブレイク
メガボルト,アームハンマー
メガボルト,キックラッシュ
メガボルト,コークスクリュー
メガボルト,蹴上がり
メガボルト,三角蹴り
メガボルト,あびせ倒し
メガボルト,キッチンシンク
メガボルト,ローリングサンダー
メガボルト,呼び戻し
メガボルト,滝登り
メガボルト,三龍旋
メガボルト,カムイ
メガボルト,断滅
メガボルト,切り返し
メガボルト,十字切り
メガボルト,追突剣
メガボルト,払い抜け
メガボルト,スマッシュ
メガボルト,かすみ二段
メガボルト,デッドエンド
メガボルト,なで斬り
メガボルト,クロスブレイク
メガボルト,みじん斬り
メガボルト,龍尾返し
メガボルト,かぶと割り
メガボルト,天地二段
メガボルト,逆風の太刀
メガボルト,マルチウェイ
メガボルト,トマホーク
メガボルト,かかと切り
メガボルト,ハイパーハンマー
メガボルト,大木断
メガボルト,一人時間差
メガボルト,スカルクラッシュ
メガボルト,アクセルターン
メガボルト,夜叉横断
メガボルト,スカイドライヴ
メガボルト,大強撃
メガボルト,ヨーヨー
メガボルト,高速ナブラ
メガボルト,スカイランデヴー
メガボルト,マキ割りトルネード
メガボルト,回し打ち
メガボルト,ハートビート
メガボルト,海老殺し
メガボルト,骨砕き
メガボルト,脳天直撃
メガボルト,どら鳴らし
メガボルト,痛打
メガボルト,削岩撃
メガボルト,払い突き
メガボルト,二段突き
メガボルト,草伏せ
メガボルト,チャージ
メガボルト,くし刺し
メガボルト,高波返し
メガボルト,スウィング
メガボルト,脳削り
メガボルト,エイミング
メガボルト,スカッシュ
メガボルト,光の腕
メガボルト,極楽連衝
メガボルト,活殺獣閃衝
メガボルト,蓮華衝
メガボルト,無双三段
メガボルト,狙い撃ち
メガボルト,イド・ブレイク
メガボルト,サイドワインダー
メガボルト,影矢
メガボルト,針千本
メガボルト,連射
メガボルト,瞬速の矢
メガボルト,ニードルショット
メガボルト,ウッドストック
メガボルト,ウォーターハンマー
メガボルト,フレイムナーガ
メガボルト,焼殺
メガボルト,召雷
メガボルト,天雷
メガボルト,樹
メガボルト,石
メガボルト,炎
メガボルト,音
メガボルト,石斧断
メガボルト,火炎龍
メガボルト,炎の太刀
メガボルト,音波剣
メガボルト,音波弾
ためる,正拳
ためる,裏拳
ためる,胴抜き
ためる,熊掌打
ためる,ボコボコ
ためる,鬼走り
ためる,爆砕鉄拳
ためる,ハートブレイク
ためる,アームハンマー
ためる,キックラッシュ
ためる,コークスクリュー
ためる,蹴上がり
ためる,三角蹴り
ためる,あびせ倒し
ためる,キッチンシンク
ためる,ローリングサンダー
ためる,呼び戻し
ためる,滝登り
ためる,三龍旋
ためる,カムイ
ためる,断滅
ためる,切り返し
ためる,十字切り
ためる,追突剣
ためる,払い抜け
ためる,スマッシュ
ためる,かすみ二段
ためる,ファイナルレター
ためる,デッドエンド
ためる,なで斬り
ためる,クロスブレイク
ためる,みじん斬り
ためる,龍尾返し
ためる,かぶと割り
ためる,天地二段
ためる,逆風の太刀
ためる,ブルクラッシュ
ためる,無拍子
ためる,マルチウェイ
ためる,トマホーク
ためる,かかと切り
ためる,ハイパーハンマー
ためる,大木断
ためる,一人時間差
ためる,スカルクラッシュ
ためる,アクセルターン
ためる,夜叉横断
ためる,スカイドライヴ
ためる,大強撃
ためる,ヨーヨー
ためる,高速ナブラ
ためる,スカイランデヴー
ためる,マキ割りトルネード
ためる,回し打ち
ためる,ハートビート
ためる,海老殺し
ためる,骨砕き
ためる,脳天直撃
ためる,どら鳴らし
ためる,痛打
ためる,削岩撃
ためる,かめごうら割り
ためる,からすとうさぎ
ためる,払い突き
ためる,二段突き
ためる,草伏せ
ためる,チャージ
ためる,くし刺し
ためる,高波返し
ためる,スウィング
ためる,脳削り
ためる,エイミング
ためる,スカッシュ
ためる,光の腕
ためる,極楽連衝
ためる,活殺獣閃衝
ためる,蓮華衝
ためる,無双三段
ためる,狙い撃ち
ためる,イド・ブレイク
ためる,サイドワインダー
ためる,影矢
ためる,針千本
ためる,連射
ためる,瞬速の矢
ためる,水晶のピラミッド
ためる,ニードルショット
ためる,ウッドストック
ためる,ウォーターハンマー
ためる,フレイムナーガ
ためる,焼殺
ためる,召雷
ためる,天雷
ためる,樹
ためる,石
ためる,炎
ためる,音
ためる,樹打
ためる,石斧断
ためる,火炎龍
ためる,炎の太刀
ためる,音波剣
ためる,音波弾
ためる,プレス
メディ,正拳
メディ,裏拳
メディ,胴抜き
メディ,熊掌打
メディ,ボコボコ
メディ,鬼走り
メディ,アームハンマー
メディ,キックラッシュ
メディ,蹴上がり
メディ,三角蹴り
メディ,あびせ倒し
メディ,キッチンシンク
メディ,三龍旋
メディ,切り返し
メディ,十字切り
メディ,追突剣
メディ,払い抜け
メディ,かすみ二段
メディ,デッドエンド
メディ,なで斬り
メディ,みじん斬り
メディ,龍尾返し
メディ,かぶと割り
メディ,天地二段
メディ,逆風の太刀
メディ,トマホーク
メディ,かかと切り
メディ,ハイパーハンマー
メディ,大木断
メディ,一人時間差
メディ,スカルクラッシュ
メディ,アクセルターン
メディ,夜叉横断
メディ,スカイドライヴ
メディ,大強撃
メディ,ヨーヨー
メディ,高速ナブラ
メディ,回し打ち
メディ,ハートビート
メディ,海老殺し
メディ,骨砕き
メディ,脳天直撃
メディ,どら鳴らし
メディ,痛打
メディ,削岩撃
メディ,払い突き
メディ,二段突き
メディ,草伏せ
メディ,チャージ
メディ,くし刺し
メディ,高波返し
メディ,エイミング
メディ,スカッシュ
メディ,光の腕
メディ,極楽連衝
メディ,蓮華衝
メディ,サイドワインダー
メディ,連射
メディ,瞬速の矢
メディ,ニードルショット
メディ,ウッドストック
メディ,フレイムナーガ
メディ,樹
メディ,樹打
メディ,プレス
ハード,正拳
ハード,裏拳
ハード,胴抜き
ハード,熊掌打
ハード,ボコボコ
ハード,アームハンマー
ハード,キックラッシュ
ハード,蹴上がり
ハード,三角蹴り
ハード,あびせ倒し
ハード,キッチンシンク
ハード,追突剣
ハード,払い抜け
ハード,かすみ二段
ハード,デッドエンド
ハード,なで斬り
ハード,みじん斬り
ハード,天地二段
ハード,逆風の太刀
ハード,トマホーク
ハード,かかと切り
ハード,ハイパーハンマー
ハード,大木断
ハード,一人時間差
ハード,スカルクラッシュ
ハード,アクセルターン
ハード,夜叉横断
ハード,スカイドライヴ
ハード,大強撃
ハード,ヨーヨー
ハード,高速ナブラ
ハード,ハートビート
ハード,骨砕き
ハード,脳天直撃
ハード,痛打
ハード,削岩撃
ハード,払い突き
ハード,二段突き
ハード,草伏せ
ハード,くし刺し
ハード,エイミング
ハード,スカッシュ
ハード,光の腕
ハード,極楽連衝
ハード,蓮華衝
ハード,連射
ハード,瞬速の矢
ハード,ウッドストック
ハード,フレイムナーガ
ハード,樹
ハード,樹打
ハード,プレス
